"","GS.Adjusted"
"1",170.936844
"2",169.344284
"3",169.514618
"4",173.500183
"5",173.798248
"6",177.230255
"7",180.440903
"8",182.237823
"9",181.897125
"10",181.590576
"11",178.567352
"12",179.386261
"13",181.672394
"14",181.3909
"15",187.754547
"16",181.757645
"17",182.124527
"18",180.02597
"19",178.098145
"20",180.981445
"21",180.84494
"22",182.064804
"23",181.314133
"24",183.105484
"25",182.167206
"26",182.465683
"27",181.936859
"28",180.102814
"29",181.297043
"30",185.451385
"31",184.956619
"32",185.041916
"33",188.471176
"34",187.797211
"35",186.790695
"36",184.683609
"37",182.551041
"38",167.196243
"39",172.101334
"40",170.318436
"41",166.914825
"42",162.078064
"43",168.364944
"44",166.846558
"45",170.557327
"46",172.058624
"47",172.826401
"48",169.780991
"49",170.736404
"50",171.367661
"51",169.755356
"52",172.68985
"53",174.020615
"54",179.949249
"55",179.207077
"56",180.751144
"57",180.614624
"58",179.028
"59",176.375
"60",176.750381
"61",176.26416
"62",175.428162
"63",178.925583
"64",178.106689
"65",177.373093
"66",178.234589
"67",178.328491
"68",176.520004
"69",176.622406
"70",176.153198
"71",182.994614
"72",183.318832
"73",184.896896
"74",187.063583
"75",187.969299
"76",190.036942
"77",188.584503
"78",192.753952
"79",192.079041
"80",191.626205
"81",186.781647
"82",186.756012
"83",187.533554
"84",189.302155
"85",194.240601
"86",194.138123
"87",192.198608
"88",193.582672
"89",190.61795
"90",194.377319
"91",193.249496
"92",191.711609
"93",194.044083
"94",194.274796
"95",196.803848
"96",195.855438
"97",197.119904
"98",195.265884
"99",192.822311
"100",192.694138
"101",195.180511
"102",198.222122
"103",197.213974
"104",197.119904
"105",196.26561
"106",195.966522
"107",194.249191
"108",188.011993
"109",192.292526
"110",194.086853
"111",194.676315
"112",199.623352
"113",192.88208
"114",193.258041
"115",193.924469
"116",196.060562
"117",193.001709
"118",193.864685
"119",190.019852
"120",185.183899
"121",182.988098
"122",187.39682
"123",187.08078
"124",185.192444
"125",187.268631
"126",191.856812
"127",189.097107
"128",191.079315
"129",190.788864
"130",185.474457
"131",185.166824
"132",188.217056
"133",189.831924
"134",188.311096
"135",187.456665
"136",183.688705
"137",180.86911
"138",175.95636
"139",175.187347
"140",169.300446
"141",173.581085
"142",166.711685
"143",164.897064
"144",167.541992
"145",161.207916
"146",161.772903
"147",160.454697
"148",153.795502
"149",160.737183
"150",163.698761
"151",165.453445
"152",155.99527
"153",154.497345
"154",151.929565
"155",145.296021
"156",141.144684
"157",145.381622
"158",149.789719
"159",147.872391
"160",150.200562
"161",152.263397
"162",151.929565
"163",153.838303
"164",152.314743
"165",146.32312
"166",148.694092
"167",146.691177
"168",150.654266
"169",154.754211
"170",152.19487
"171",153.367554
"172",153.19635
"173",157.159363
"174",157.065201
"175",156.234924
"176",161.31926
"177",163.133804
"178",160.58313
"179",171.616211
"180",175.895935
"181",174.209686
"182",179.730499
"183",180.115646
"184",180.51799
"185",183.693542
"186",185.550888
"187",185.516647
"188",190.857712
"189",195.171738
"190",194.598221
"191",193.399918
"192",195.582581
"193",194.264359
"194",204.74118
"195",201.950775
"196",196.019119
"197",199.913574
"198",196.301498
"199",192.441269
"200",194.829315
"201",195.026169
"202",186.329819
"203",190.173035
"204",191.525375
"205",192.689468
"206",194.309723
"207",202.248077
"208",209.011932
"209",206.028656
"210",212.535294
"211",205.925781
"212",196.830063
"213",187.220078
"214",191.30925
"215",183.610916
"216",179.976089
"217",181.167755
"218",184.065323
"219",199.779114
"220",200.01059
"221",194.618347
"222",193.101013
"223",189.063217
"224",186.439987
"225",179.598938
"226",185.582703
"227",177.841476
"228",182.882309
"229",195.047043
"230",192.355194
"231",194.292618
"232",194.506882
"233",184.502518
"234",187.108658
"235",190.752014
"236",186.791443
"237",192.209381
"238",181.013397
"239",182.239304
"240",178.724487
"241",180.601898
"242",178.853043
"243",172.749298
"244",175.021057
"245",173.743698
"246",179.684647
"247",183.730927
"248",185.762711
"249",181.699219
"250",181.690643
"251",184.356842
"252",177.970062
"253",175.604034
"254",171.394836
"255",166.936996
"256",162.453476
"257",164.382294
"258",168.805817
"259",170.374634
"260",172.869324
"261",165.702499
"262",169.311569
"263",163.722168
"264",160.490341
"265",163.473557
"266",170.93187
"267",170.768982
"268",164.345261
"269",168.536163
"270",168.36438
"271",170.511368
"272",171.370132
"273",178.437973
"274",172.443588
"275",163.048492
"276",160.738373
"277",163.563812
"278",160.652542
"279",159.621948
"280",155.13913
"281",154.735565
"282",151.626694
"283",153.215424
"284",149.25647
"285",152.219269
"286",150.433014
"287",152.614365
"288",152.313736
"289",148.311798
"290",155.26796
"291",151.746948
"292",145.675323
"293",141.767853
"294",140.496887
"295",141.673401
"296",136.245911
"297",137.465408
"298",133.609482
"299",140.041763
"300",139.990204
"301",142.077057
"302",134.708633
"303",129.693375
"304",150.793625
"305",142.97879
"306",154.263138
"307",153.619171
"308",154.263138
"309",150.699219
"310",144.395767
"311",141.226852
"312",142.034164
"313",151.884399
"314",151.89296
"315",151.600952
"316",150.630524
"317",153.490265
"318",153.636261
"319",149.548477
"320",146.465469
"321",143.674316
"322",140.488327
"323",141.012177
"324",145.177246
"325",147.79657
"326",154.520798
"327",154.924454
"328",154.374832
"329",154.02272
"330",162.129608
"331",165.192581
"332",163.678253
"333",165.777603
"334",164.650482
"335",171.258255
"336",172.307861
"337",169.597656
"338",170.019272
"339",163.265305
"340",161.510147
"341",161.828491
"342",165.261383
"343",163.755722
"344",163.583694
"345",162.284485
"346",161.011108
"347",158.653671
"348",156.958725
"349",153.663467
"350",152.458969
"351",148.535645
"352",149.636993
"353",150.419846
"354",151.633011
"355",151.779251
"356",148.277527
"357",146.76329
"358",148.07106
"359",151.942795
"360",145.782364
"361",142.616226
"362",143.86377
"363",139.725433
"364",143.468063
"365",153.396805
"366",156.66626
"367",154.38623
"368",157.251266
"369",160.830429
"370",158.111649
"371",153.654892
"372",156.571564
"373",158.008423
"374",151.650192
"375",150.187576
"376",150.480118
"377",150.850082
"378",153.826996
"379",153.91301
"380",146.10936
"381",150.480118
"382",145.421066
"383",146.401917
"384",139.794205
"385",136.516159
"386",135.767654
"387",148.724915
"388",155.934921
"389",157.311478
"390",155.539108
"391",161.785477
"392",161.639191
"393",155.091705
"394",154.014099
"395",149.048767
"396",156.574463
"397",160.488144
"398",158.651978
"399",156.893433
"400",153.324509
"401",155.833099
"402",154.781403
"403",148.557373
"404",151.678024
"405",153.445236
"406",144.221252
"407",142.152328
"408",143.609207
"409",140.669601
"410",137.962738
"411",136.204147
"412",136.419678
"413",134.842102
"414",137.764481
"415",134.230072
"416",134.402481
"417",134.031784
"418",139.505783
"419",141.350723
"420",142.514389
"421",144.488464
"422",138.704163
"423",140.721283
"424",146.316071
"425",139.367905
"426",135.850723
"427",135.368011
"428",132.936996
"429",116.808014
"430",114.661484
"431",98.704926
"432",93.101563
"433",111.894287
"434",104.118622
"435",107.799576
"436",114.652893
"437",116.808014
"438",118.954536
"439",104.049622
"440",110.342606
"441",115.945953
"442",113.394272
"443",110.342606
"444",106.894394
"445",99.135918
"446",97.41185
"447",87.368912
"448",76.550194
"449",95.687752
"450",105.946159
"451",97.541138
"452",96.894608
"453",98.532532
"454",104.739304
"455",104.609955
"456",99.18766
"457",93.887161
"458",86.814056
"459",80.311661
"460",80.908295
"461",84.444847
"462",78.781174
"463",79.983086
"464",77.034515
"465",82.144806
"466",75.599144
"467",69.797142
"468",67.254959
"469",61.57402
"470",64.574448
"471",57.752129
"472",60.519089
"473",57.70023
"474",54.033997
"475",53.636215
"476",47.713161
"477",44.963459
"478",46.096188
"479",58.296864
"480",62.066864
"481",66.148155
"482",68.301247
"483",56.861492
"484",56.204319
"485",59.619816
"486",58.391987
"487",61.150314
"488",66.71022
"489",62.92292
"490",61.850693
"491",60.276958
"492",58.573544
"493",57.466759
"494",65.715836
"495",68.119659
"496",69.217773
"497",69.805779
"498",66.580498
"499",65.024101
"500",66.096313
"501",65.689873
"502",66.200027
"503",70.955788
"504",72.970512
"505",75.019814
"506",76.766472
"507",76.705933
"508",73.065636
"509",73.852463
"510",72.564125
"511",67.159851
"512",67.376007
"513",65.447777
"514",63.839455
"515",63.165016
"516",51.189171
"517",60.441284
"518",61.418373
"519",64.773315
"520",64.159401
"521",67.670021
"522",75.832626
"523",71.526489
"524",69.805779
"525",72.261459
"526",71.604332
"527",76.066071
"528",80.285736
"529",83.502296
"530",84.6437
"531",78.167244
"532",81.89402
"533",82.646309
"534",83.39856
"535",74.111893
"536",73.065636
"537",74.371292
"538",73.54248
"539",69.612778
"540",80.836754
"541",78.176369
"542",80.11512
"543",79.184875
"544",75.003052
"545",71.612411
"546",74.307526
"547",71.047302
"548",65.770058
"549",64.292084
"550",74.142357
"551",80.323792
"552",84.549072
"553",85.896637
"554",81.636559
"555",86.061844
"556",91.504227
"557",86.33136
"558",84.609932
"559",97.311829
"560",96.155518
"561",98.198639
"562",97.363991
"563",93.964661
"564",87.339813
"565",92.173698
"566",95.886024
"567",99.302742
"568",103.806244
"569",101.415428
"570",100.919846
"571",99.763557
"572",108.092392
"573",113.152298
"574",100.076523
"575",105.362488
"576",105.362488
"577",104.849533
"578",99.989578
"579",104.640892
"580",104.753891
"581",106.770905
"582",105.458122
"583",105.110336
"584",104.9104
"585",110.570168
"586",111.717789
"587",110.483223
"588",116.638634
"589",117.542801
"590",121.037682
"591",116.26474
"592",121.359398
"593",118.047005
"594",117.725349
"595",112.378525
"596",116.151741
"597",116.847229
"598",124.454437
"599",122.715675
"600",118.620804
"601",119.553467
"602",118.847443
"603",123.815765
"604",122.037628
"605",126.082016
"606",126.012268
"607",125.803055
"608",124.757141
"609",123.902893
"610",130.283279
"611",129.882339
"612",129.307159
"613",130.143875
"614",127.851433
"615",126.517799
"616",126.944901
"617",124.652557
"618",125.654915
"619",121.79361
"620",124.722275
"621",124.757141
"622",119.422691
"623",123.066116
"624",124.338699
"625",125.890198
"626",127.903709
"627",130.187393
"628",128.513824
"629",128.409271
"630",125.070969
"631",127.659653
"632",124.242867
"633",120.765045
"634",124.82682
"635",123.658882
"636",130.257141
"637",130.448883
"638",135.330063
"639",136.707275
"640",136.707275
"641",139.487747
"642",139.287277
"643",139.862595
"644",144.212051
"645",143.575684
"646",142.834824
"647",139.932297
"648",138.973495
"649",141.570999
"650",142.337982
"651",143.035324
"652",143.967987
"653",146.992599
"654",145.345184
"655",142.643082
"656",139.77536
"657",138.781723
"658",142.738983
"659",143.366531
"660",141.841125
"661",137.06456
"662",139.88002
"663",139.400589
"664",141.492508
"665",142.828979
"666",142.016617
"667",144.078125
"668",144.960388
"669",144.14801
"670",143.623886
"671",144.532379
"672",139.911438
"673",138.487579
"674",141.212967
"675",142.357269
"676",146.069763
"677",148.733963
"678",152.752167
"679",152.603668
"680",155.232941
"681",154.31572
"682",157.119736
"683",158.508621
"684",160.011108
"685",159.321014
"686",162.05513
"687",160.412949
"688",159.906235
"689",156.79657
"690",159.417099
"691",160.360504
"692",161.033142
"693",156.351105
"694",156.892685
"695",162.88501
"696",163.33046
"697",166.387772
"698",164.36998
"699",165.35704
"700",166.099503
"701",163.548813
"702",167.960144
"703",164.771744
"704",161.050568
"705",162.037659
"706",161.565964
"707",156.586884
"708",160.456604
"709",157.547821
"710",156.682999
"711",156.01918
"712",150.384979
"713",155.992905
"714",148.646637
"715",149.092117
"716",149.90448
"717",148.061371
"718",151.468079
"719",150.053009
"720",154.237152
"721",154.184784
"722",157.102295
"723",155.905563
"724",154.403122
"725",154.831161
"726",154.263351
"727",154.52536
"728",150.970184
"729",148.506836
"730",150.245163
"731",149.48526
"732",147.554749
"733",143.396744
"734",148.517731
"735",146.740738
"736",145.891663
"737",143.825714
"738",146.399368
"739",143.431778
"740",141.672256
"741",145.699051
"742",145.952866
"743",145.313873
"744",145.401413
"745",142.460144
"746",144.429733
"747",140.875687
"748",142.85408
"749",144.832428
"750",144.088318
"751",143.239182
"752",143.536865
"753",143.353073
"754",143.668137
"755",145.926636
"756",147.799942
"757",151.511627
"758",154.190262
"759",152.544586
"760",155.529587
"761",152.588318
"762",150.18103
"763",146.907074
"764",148.001312
"765",147.52858
"766",144.622345
"767",146.06665
"768",146.880844
"769",140.823166
"770",134.914291
"771",135.667114
"772",132.078064
"773",132.620789
"774",134.187759
"775",130.18721
"776",134.047653
"777",137.382904
"778",137.636765
"779",131.902954
"780",134.94931
"781",132.27066
"782",133.487457
"783",134.485352
"784",134.852997
"785",134.74794
"786",137.785553
"787",137.663025
"788",136.323669
"789",136.717621
"790",137.18158
"791",137.172791
"792",138.59967
"793",136.945206
"794",137.173325
"795",137.339981
"796",139.2789
"797",138.375229
"798",143.542816
"799",146.674973
"800",149.008713
"801",148.140152
"802",150.851196
"803",152.228561
"804",153.500732
"805",152.246109
"806",154.57988
"807",154.974686
"808",155.685349
"809",156.080109
"810",154.553589
"811",153.386719
"812",153.018188
"813",153.448074
"814",151.667084
"815",152.702362
"816",150.359818
"817",149.701828
"818",149.342102
"819",151.921524
"820",151.693405
"821",154.729095
"822",157.483917
"823",157.150452
"824",156.027512
"825",157.264572
"826",162.239105
"827",161.668808
"828",140.989746
"829",143.288406
"830",140.358109
"831",139.436829
"832",139.542145
"833",138.094528
"834",133.383179
"835",134.269257
"836",137.75238
"837",140.586243
"838",127.390869
"839",131.163467
"840",131.119598
"841",130.014175
"842",124.864128
"843",125.451927
"844",126.188911
"845",124.557037
"846",129.145523
"847",126.908325
"848",125.662506
"849",125.144859
"850",120.512497
"851",122.916428
"852",119.40699
"853",123.372604
"854",119.92469
"855",125.074646
"856",123.091866
"857",127.489594
"858",126.88269
"859",124.771767
"860",127.384048
"861",126.689171
"862",125.114777
"863",121.974861
"864",121.183289
"865",120.321327
"866",117.656326
"867",119.301048
"868",117.366035
"869",120.409279
"870",120.549957
"871",120.778679
"872",121.535072
"873",121.148079
"874",118.553436
"875",118.799721
"876",118.720543
"877",122.836815
"878",120.198166
"879",117.647484
"880",115.457451
"881",115.343086
"882",115.290329
"883",116.328201
"884",119.468178
"885",119.142731
"886",121.42952
"887",120.717087
"888",123.355721
"889",122.309067
"890",127.727036
"891",128.562607
"892",128.131607
"893",130.972565
"894",129.283875
"895",128.896851
"896",129.626907
"897",130.348114
"898",129.494888
"899",129.468506
"900",134.2005
"901",132.652481
"902",134.341202
"903",134.737
"904",137.569138
"905",137.138168
"906",136.487274
"907",136.680786
"908",135.361481
"909",131.271606
"910",131.421158
"911",130.242523
"912",129.96109
"913",130.691101
"914",131.227661
"915",129.336624
"916",130.383255
"917",129.06398
"918",126.610023
"919",127.252113
"920",124.727821
"921",122.915977
"922",120.499954
"923",120.738037
"924",123.215782
"925",123.251015
"926",129.872955
"927",128.038895
"928",130.093384
"929",131.50415
"930",132.6064
"931",136.115784
"932",134.493347
"933",134.519806
"934",134.22879
"935",133.126633
"936",133.937866
"937",133.496933
"938",130.560745
"939",127.774414
"940",129.864136
"941",128.735519
"942",127.862595
"943",127.342361
"944",127.483437
"945",130.234482
"946",129.238144
"947",131.883392
"948",133.003159
"949",133.241226
"950",134.608002
"951",134.202347
"952",136.8564
"953",136.433197
"954",133.664505
"955",132.870926
"956",135.524963
"957",138.187851
"958",140.72731
"959",140.462784
"960",139.104919
"961",138.778641
"962",139.572189
"963",141.21228
"964",143.936874
"965",142.076385
"966",142.46434
"967",143.566589
"968",143.399017
"969",146.714401
"970",150.841003
"971",149.192093
"972",146.855453
"973",147.446259
"974",147.878296
"975",146.220627
"976",147.446259
"977",145.57695
"978",145.3918
"979",147.560898
"980",146.961288
"981",142.005844
"982",139.122528
"983",141.30925
"984",139.510468
"985",140.445145
"986",137.979675
"987",140.020996
"988",143.59993
"989",143.432037
"990",143.732452
"991",142.795761
"992",146.816605
"993",147.0905
"994",148.875549
"995",149.768082
"996",147.868164
"997",145.994751
"998",145.331985
"999",144.960815
"1000",146.73703
"1001",148.663498
"1002",149.87413
"1003",148.106812
"1004",150.077347
"1005",149.51181
"1006",148.133255
"1007",148.142075
"1008",148.601608
"1009",152.922928
"1010",152.949387
"1011",153.76239
"1012",152.180603
"1013",150.837357
"1014",150.015564
"1015",149.662048
"1016",151.703384
"1017",151.615051
"1018",154.646027
"1019",154.363312
"1020",147.125839
"1021",146.418884
"1022",146.869598
"1023",146.957947
"1024",143.140411
"1025",142.54834
"1026",144.951996
"1027",142.954773
"1028",144.58963
"1029",146.100754
"1030",145.853333
"1031",145.491028
"1032",145.65892
"1033",147.691422
"1034",148.946289
"1035",146.701675
"1036",146.109589
"1037",147.276108
"1038",148.036072
"1039",148.380692
"1040",149.17598
"1041",147.717926
"1042",148.49559
"1043",143.98877
"1044",144.121292
"1045",144.430603
"1046",145.915176
"1047",145.038498
"1048",142.851151
"1049",143.187637
"1050",145.667221
"1051",142.576614
"1052",140.938309
"1053",142.84227
"1054",143.77211
"1055",141.930099
"1056",142.293228
"1057",140.30069
"1058",139.255676
"1059",136.714172
"1060",137.927383
"1061",141.65564
"1062",141.877014
"1063",142.390625
"1064",141.274811
"1065",141.611359
"1066",139.893356
"1067",138.564957
"1068",140.336151
"1069",140.867462
"1070",140.451294
"1071",141.894775
"1072",140.716934
"1073",140.725739
"1074",143.364746
"1075",143.816391
"1076",142.541153
"1077",142.992813
"1078",142.063019
"1079",141.841644
"1080",137.962753
"1081",137.378342
"1082",136.182831
"1083",134.482513
"1084",135.226379
"1085",135.943741
"1086",134.774719
"1087",135.73114
"1088",135.368073
"1089",133.366714
"1090",133.729736
"1091",133.986572
"1092",134.491379
"1093",134.181396
"1094",133.198425
"1095",132.923859
"1096",132.05603
"1097",133.18956
"1098",130.957932
"1099",126.414932
"1100",125.272606
"1101",124.511009
"1102",124.696945
"1103",124.723534
"1104",123.395203
"1105",119.542999
"1106",120.295677
"1107",120.738457
"1108",120.649925
"1109",120.667625
"1110",123.1092
"1111",124.947075
"1112",120.898491
"1113",119.309227
"1114",120.152664
"1115",118.883049
"1116",118.075119
"1117",116.832115
"1118",118.55452
"1119",120.676506
"1120",122.105934
"1121",121.724174
"1122",119.726509
"1123",120.827438
"1124",121.839577
"1125",119.983978
"1126",120.712029
"1127",119.433533
"1128",117.515762
"1129",116.228394
"1130",116.050827
"1131",114.763435
"1132",117.666695
"1133",118.163895
"1134",121.324631
"1135",119.415749
"1136",118.874161
"1137",119.868591
"1138",119.042854
"1139",117.213913
"1140",115.695663
"1141",115.349442
"1142",115.322769
"1143",115.562523
"1144",114.825592
"1145",114.079803
"1146",117.86203
"1147",120.374649
"1148",120.294731
"1149",121.502228
"1150",122.168098
"1151",119.611099
"1152",120.605545
"1153",119.833031
"1154",119.105011
"1155",116.512489
"1156",117.267151
"1157",112.073242
"1158",111.140999
"1159",104.464378
"1160",108.96579
"1161",97.965317
"1162",104.855034
"1163",103.407845
"1164",105.769508
"1165",103.762978
"1166",104.100357
"1167",100.451279
"1168",99.226089
"1169",94.564857
"1170",94.875595
"1171",97.938675
"1172",97.5214
"1173",99.217209
"1174",103.052704
"1175",102.5718
"1176",103.497948
"1177",99.882401
"1178",95.340652
"1179",93.114334
"1180",96.48056
"1181",93.31916
"1182",91.057198
"1183",91.653839
"1184",92.695755
"1185",93.096512
"1186",96.15107
"1187",95.723579
"1188",93.336937
"1189",91.377777
"1190",87.147743
"1191",83.692474
"1192",84.761101
"1193",88.287598
"1194",88.65274
"1195",85.776329
"1196",88.937729
"1197",84.200066
"1198",80.219368
"1199",84.226776
"1200",83.968521
"1201",87.210091
"1202",82.543686
"1203",85.61602
"1204",86.114723
"1205",88.26091
"1206",85.624924
"1207",86.141441
"1208",86.292824
"1209",91.057198
"1210",89.756996
"1211",89.819336
"1212",90.914696
"1213",92.597824
"1214",89.445313
"1215",94.690559
"1216",103.658241
"1217",103.177353
"1218",97.558098
"1219",92.205978
"1220",94.512459
"1221",95.892799
"1222",93.541771
"1223",94.013763
"1224",96.694275
"1225",88.759613
"1226",88.608223
"1227",90.531799
"1228",88.421219
"1229",88.830841
"1230",85.135109
"1231",82.240883
"1232",81.849068
"1233",81.305817
"1234",79.613823
"1235",78.269104
"1236",79.03495
"1237",80.842743
"1238",79.394493
"1239",85.69709
"1240",84.418686
"1241",86.939705
"1242",89.237228
"1243",90.435211
"1244",93.984291
"1245",89.326637
"1246",90.694435
"1247",87.637032
"1248",84.964005
"1249",83.363792
"1250",82.156914
"1251",80.547722
"1252",78.402191
"1253",81.334427
"1254",82.246315
"1255",84.409744
"1256",83.846527
"1257",82.156914
"1258",80.565628
"1259",81.361252
"1260",80.842743
"1261",85.250092
"1262",84.695816
"1263",84.552788
"1264",83.515762
"1265",84.651108
"1266",87.90519
"1267",89.183586
"1268",90.479897
"1269",88.468414
"1270",87.324112
"1271",93.251213
"1272",96.263931
"1273",97.211563
"1274",96.719872
"1275",97.327782
"1276",96.791359
"1277",97.050652
"1278",99.920319
"1279",98.096603
"1280",99.65213
"1281",101.422195
"1282",101.368553
"1283",105.069672
"1284",104.944496
"1285",103.683983
"1286",103.835945
"1287",103.594604
"1288",102.021194
"1289",102.387711
"1290",100.903717
"1291",101.171883
"1292",102.575447
"1293",103.621414
"1294",104.265091
"1295",102.235748
"1296",103.523056
"1297",103.585655
"1298",103.907471
"1299",105.010429
"1300",103.243927
"1301",108.615074
"1302",107.565926
"1303",106.373352
"1304",101.925804
"1305",104.373764
"1306",105.064194
"1307",105.171799
"1308",104.902779
"1309",111.672737
"1310",107.933571
"1311",110.345642
"1312",110.229095
"1313",111.457542
"1314",112.999832
"1315",112.972939
"1316",111.852066
"1317",113.143326
"1318",114.838036
"1319",113.277809
"1320",113.30471
"1321",110.973328
"1322",111.520309
"1323",111.995544
"1324",110.031815
"1325",107.565926
"1326",105.808456
"1327",104.929688
"1328",102.723862
"1329",103.952324
"1330",107.951515
"1331",103.199112
"1332",105.566353
"1333",104.78624
"1334",103.414314
"1335",101.863052
"1336",100.822906
"1337",100.204185
"1338",102.320343
"1339",102.203804
"1340",102.723862
"1341",102.58934
"1342",103.252907
"1343",103.414314
"1344",102.015472
"1345",100.006897
"1346",97.72934
"1347",98.670868
"1348",98.070099
"1349",96.204994
"1350",95.33519
"1351",91.57811
"1352",89.461937
"1353",89.551605
"1354",88.054123
"1355",87.049866
"1356",85.62413
"1357",86.538765
"1358",87.453369
"1359",87.91069
"1360",86.852577
"1361",86.709129
"1362",88.168671
"1363",85.240532
"1364",86.222603
"1365",83.465652
"1366",81.98806
"1367",83.078224
"1368",85.555885
"1369",84.690941
"1370",85.177498
"1371",83.609802
"1372",84.727005
"1373",83.537735
"1374",84.528755
"1375",86.1866
"1376",84.357605
"1377",86.826241
"1378",86.988426
"1379",84.600845
"1380",84.357605
"1381",82.186272
"1382",82.015099
"1383",84.033241
"1384",84.231438
"1385",86.366776
"1386",87.511002
"1387",88.835411
"1388",86.420815
"1389",86.015388
"1390",85.114426
"1391",84.916199
"1392",85.709038
"1393",84.708969
"1394",87.781281
"1395",88.0065
"1396",88.276802
"1397",86.952393
"1398",85.591934
"1399",84.835114
"1400",83.934143
"1401",85.114426
"1402",86.456856
"1403",88.348885
"1404",91.574341
"1405",90.889618
"1406",90.907639
"1407",90.177856
"1408",88.12365
"1409",90.979706
"1410",91.916695
"1411",93.0159
"1412",92.349174
"1413",93.34024
"1414",92.817688
"1415",93.349251
"1416",93.03392
"1417",92.916786
"1418",93.241127
"1419",93.34024
"1420",94.853874
"1421",94.8899
"1422",94.304276
"1423",93.772728
"1424",94.565575
"1425",94.709717
"1426",95.044533
"1427",95.497002
"1428",94.764015
"1429",95.668938
"1430",96.293327
"1431",99.487709
"1432",102.745468
"1433",105.270218
"1434",103.777084
"1435",105.596016
"1436",106.998627
"1437",109.197601
"1438",109.822014
"1439",108.500816
"1440",108.482681
"1441",107.704468
"1442",106.446617
"1443",105.623138
"1444",105.514534
"1445",102.709274
"1446",102.329201
"1447",104.274796
"1448",102.872177
"1449",105.749832
"1450",106.102745
"1451",106.700012
"1452",108.500816
"1453",107.966911
"1454",108.102646
"1455",108.25647
"1456",108.663704
"1457",110.39209
"1458",108.772285
"1459",112.663475
"1460",111.505173
"1461",113.043541
"1462",113.251678
"1463",111.867149
"1464",111.097939
"1465",107.686363
"1466",108.383156
"1467",108.337929
"1468",108.084541
"1469",110.754066
"1470",112.980209
"1471",111.532318
"1472",112.283409
"1473",114.247108
"1474",106.763351
"1475",104.311005
"1476",105.107353
"1477",106.093697
"1478",105.396904
"1479",103.378906
"1480",104.464806
"1481",104.82679
"1482",107.05294
"1483",106.8629
"1484",106.509964
"1485",108.871834
"1486",109.441948
"1487",107.152451
"1488",108.442932
"1489",107.897659
"1490",107.043411
"1491",107.597763
"1492",105.943825
"1493",106.443626
"1494",106.507256
"1495",105.934723
"1496",106.334572
"1497",108.015816
"1498",107.316055
"1499",107.688637
"1500",108.470169
"1501",112.223396
"1502",116.112907
"1503",115.640327
"1504",117.884979
"1505",116.721779
"1506",115.903885
"1507",115.55854
"1508",115.113274
"1509",114.068169
"1510",115.92205
"1511",119.64798
"1512",118.993683
"1513",122.237961
"1514",122.01075
"1515",120.911171
"1516",122.065277
"1517",124.837021
"1518",124.618935
"1519",123.710197
"1520",123.219444
"1521",128.217636
"1522",128.144928
"1523",131.271103
"1524",132.634201
"1525",132.279816
"1526",131.734573
"1527",131.280182
"1528",130.998459
"1529",133.679291
"1530",133.724762
"1531",134.36998
"1532",136.223846
"1533",134.060989
"1534",136.723679
"1535",137.33255
"1536",136.550995
"1537",137.768738
"1538",138.350403
"1539",140.049759
"1540",140.422348
"1541",141.703674
"1542",140.849472
"1543",144.175537
"1544",141.02211
"1545",137.114471
"1546",140.031555
"1547",134.179108
"1548",134.954178
"1549",138.282501
"1550",136.559052
"1551",137.261169
"1552",138.765762
"1553",139.477051
"1554",140.5439
"1555",142.814407
"1556",139.49527
"1557",139.787003
"1558",138.464844
"1559",138.519592
"1560",140.443573
"1561",141.191284
"1562",138.556015
"1563",135.720169
"1564",136.896469
"1565",132.565186
"1566",133.677628
"1567",133.230804
"1568",133.62291
"1569",134.808319
"1570",134.179153
"1571",133.166977
"1572",133.75058
"1573",130.768829
"1574",130.385834
"1575",131.024124
"1576",131.142685
"1577",133.604675
"1578",136.285522
"1579",135.929886
"1580",135.975494
"1581",133.549973
"1582",131.39801
"1583",128.206497
"1584",126.382774
"1585",126.49221
"1586",127.221695
"1587",130.34024
"1588",131.242981
"1589",131.999817
"1590",131.407089
"1591",132.318909
"1592",133.194366
"1593",130.039352
"1594",131.005905
"1595",132.556015
"1596",135.364532
"1597",136.157837
"1598",137.014984
"1599",135.44664
"1600",135.95726
"1601",136.440536
"1602",140.899475
"1603",141.893402
"1604",140.853897
"1605",144.236893
"1606",144.893417
"1607",146.562088
"1608",145.294632
"1609",143.53476
"1610",144.729279
"1611",146.997803
"1612",148.982788
"1613",150.336578
"1614",148.260147
"1615",149.613907
"1616",147.894226
"1617",144.802444
"1618",146.064789
"1619",151.855042
"1620",153.208878
"1621",149.385269
"1622",148.058914
"1623",151.681229
"1624",149.028503
"1625",150.117065
"1626",150.153641
"1627",147.7845
"1628",142.15889
"1629",141.097809
"1630",137.92366
"1631",140.009247
"1632",138.728638
"1633",140.420853
"1634",138.353577
"1635",138.810959
"1636",138.051697
"1637",137.60347
"1638",140.17392
"1639",140.695328
"1640",143.558395
"1641",142.543106
"1642",144.262787
"1643",146.45813
"1644",149.101715
"1645",146.577042
"1646",147.729599
"1647",150.071304
"1648",150.345718
"1649",152.074585
"1650",152.08374
"1651",150.967773
"1652",151.763611
"1653",151.169022
"1654",149.257172
"1655",148.580292
"1656",150.043915
"1657",153.208878
"1658",153.32782
"1659",153.968124
"1660",150.729965
"1661",149.513351
"1662",148.955368
"1663",148.305923
"1664",147.903412
"1665",149.75119
"1666",149.412704
"1667",147.043594
"1668",146.961197
"1669",145.104324
"1670",145.955017
"1671",143.713898
"1672",145.817841
"1673",145.122589
"1674",144.436569
"1675",140.164749
"1676",140.38504
"1677",140.990677
"1678",139.61409
"1679",142.027771
"1680",142.927094
"1681",143.321716
"1682",143.771439
"1683",146.368607
"1684",151.553772
"1685",151.480377
"1686",149.911011
"1687",150.507568
"1688",153.288269
"1689",153.646194
"1690",154.233521
"1691",153.976608
"1692",155.784485
"1693",151.654724
"1694",149.562302
"1695",148.956589
"1696",148.938248
"1697",146.698959
"1698",145.193924
"1699",145.918884
"1700",145.616089
"1701",143.945801
"1702",143.670486
"1703",141.559723
"1704",140.45845
"1705",141.734039
"1706",145.010376
"1707",146.836609
"1708",146.34108
"1709",144.661621
"1710",148.901505
"1711",145.294907
"1712",145.634445
"1713",146.625565
"1714",146.148331
"1715",144.762573
"1716",146.799927
"1717",148.754715
"1718",148.167343
"1719",148.773041
"1720",148.717972
"1721",147.625885
"1722",148.717972
"1723",149.736679
"1724",148.626205
"1725",150.067078
"1726",146.506241
"1727",149.745834
"1728",150.360703
"1729",149.488861
"1730",149.53476
"1731",149.773361
"1732",150.874649
"1733",152.049332
"1734",152.893661
"1735",151.425293
"1736",153.324997
"1737",154.270248
"1738",155.536697
"1739",154.215179
"1740",154.887299
"1741",155.550278
"1742",156.268433
"1743",154.73082
"1744",155.329269
"1745",152.438126
"1746",153.957382
"1747",154.380905
"1748",156.277634
"1749",154.316498
"1750",154.988602
"1751",155.043823
"1752",157.40097
"1753",156.977432
"1754",160.98259
"1755",160.918198
"1756",161.277298
"1757",162.483429
"1758",162.198013
"1759",162.465027
"1760",162.372955
"1761",161.802063
"1762",163.210861
"1763",162.870163
"1764",164.030289
"1765",165.153625
"1766",164.15918
"1767",164.297272
"1768",163.339737
"1769",164.251282
"1770",161.940231
"1771",162.603119
"1772",164.582764
"1773",161.286469
"1774",162.308502
"1775",159.47261
"1776",159.914566
"1777",157.216782
"1778",154.353256
"1779",151.6371
"1780",153.073471
"1781",150.909698
"1782",152.695969
"1783",151.112305
"1784",147.153076
"1785",148.939301
"1786",147.705536
"1787",148.930084
"1788",149.095871
"1789",148.239532
"1790",151.360901
"1791",150.541428
"1792",151.057053
"1793",150.743973
"1794",151.600266
"1795",150.320419
"1796",151.462128
"1797",151.462128
"1798",153.340469
"1799",150.523026
"1800",150.402893
"1801",152.786423
"1802",153.774948
"1803",152.195175
"1804",155.881317
"1805",158.809952
"1806",159.456589
"1807",160.990265
"1808",160.297363
"1809",156.953018
"1810",156.795975
"1811",154.005951
"1812",152.758713
"1813",154.135284
"1814",155.29007
"1815",155.373199
"1816",156.334015
"1817",154.236893
"1818",153.100571
"1819",150.818649
"1820",149.414383
"1821",149.931702
"1822",149.940994
"1823",151.372971
"1824",153.285294
"1825",154.532516
"1826",153.442352
"1827",150.809372
"1828",146.485764
"1829",144.638046
"1830",146.116257
"1831",144.102219
"1832",141.090469
"1833",142.95665
"1834",143.122971
"1835",145.247833
"1836",145.451035
"1837",145.783661
"1838",148.241104
"1839",148.231857
"1840",148.60141
"1841",146.190155
"1842",144.619598
"1843",146.190155
"1844",147.649841
"1845",148.157913
"1846",146.781387
"1847",144.444092
"1848",142.771881
"1849",143.677277
"1850",145.414093
"1851",145.229324
"1852",147.400391
"1853",148.074799
"1854",147.307999
"1855",144.712021
"1856",144.517975
"1857",145.663574
"1858",144.444092
"1859",147.215591
"1860",147.677551
"1861",147.963943
"1862",149.451309
"1863",149.423553
"1864",149.006363
"1865",148.144241
"1866",148.348175
"1867",149.988998
"1868",150.535919
"1869",150.712082
"1870",154.058502
"1871",153.882416
"1872",154.21611
"1873",153.354004
"1874",153.845337
"1875",153.780441
"1876",153.743378
"1877",155.940338
"1878",157.460648
"1879",157.340103
"1880",157.442108
"1881",157.812881
"1882",155.949615
"1883",156.088684
"1884",155.745697
"1885",154.605484
"1886",155.2173
"1887",154.633255
"1888",154.707428
"1889",157.089874
"1890",155.532486
"1891",152.871994
"1892",152.649506
"1893",151.490723
"1894",152.770004
"1895",154.809402
"1896",156.821014
"1897",158.026077
"1898",157.7202
"1899",158.95314
"1900",159.184845
"1901",162.243958
"1902",163.912598
"1903",163.393463
"1904",162.596207
"1905",163.106094
"1906",162.725983
"1907",162.929947
"1908",160.2509
"1909",157.822128
"1910",159.157074
"1911",157.052765
"1912",157.349426
"1913",156.756134
"1914",159.68541
"1915",159.87085
"1916",159.750351
"1917",159.78743
"1918",160.121124
"1919",159.35173
"1920",161.808289
"1921",161.261398
"1922",161.326248
"1923",162.364426
"1924",162.661118
"1925",164.88591
"1926",164.913727
"1927",165.341476
"1928",165.192703
"1929",166.550339
"1930",167.164047
"1931",167.005951
"1932",167.452301
"1933",167.145477
"1934",167.480194
"1935",164.960236
"1936",167.257004
"1937",168.3078
"1938",170.325592
"1939",171.078827
"1940",171.134613
"1941",171.859924
"1942",174.71463
"1943",173.143158
"1944",172.296951
"1945",172.110962
"1946",174.640274
"1947",171.181122
"1948",172.138885
"1949",170.939331
"1950",170.69754
"1951",168.028839
"1952",170.055969
"1953",174.882034
"1954",174.333389
"1955",170.911469
"1956",173.552307
"1957",168.558853
"1958",167.731308
"1959",166.234146
"1960",166.169083
"1961",164.811462
"1962",160.478226
"1963",164.504608
"1964",165.369385
"1965",167.545319
"1966",164.430206
"1967",167.433685
"1968",170.492996
"1969",171.013733
"1970",173.254745
"1971",173.031586
"1972",173.859177
"1973",176.667404
"1974",177.448456
"1975",176.92775
"1976",176.527878
"1977",177.606567
"1978",177.336884
"1979",178.350418
"1980",178.424866
"1981",176.844055
"1982",176.899841
"1983",176.658096
"1984",176.611618
"1985",176.341919
"1986",175.923492
"1987",176.444214
"1988",176.295486
"1989",176.741791
"1990",175.616638
"1991",175.300461
"1992",175.757568
"1993",175.561676
"1994",177.418045
"1995",178.126999
"1996",179.059845
"1997",182.324799
"1998",183.416199
"1999",183.668106
"2000",179.106461
"2001",180.543045
"2002",176.140015
"2003",173.080261
"2004",171.000046
"2005",172.604523
"2006",178.742661
"2007",180.300522
"2008",181.382629
"2009",182.37146
"2010",182.735245
"2011",182.324799
"2012",183.015121
"2013",182.567352
"2014",180.813599
"2015",181.35466
"2016",175.692245
"2017",172.138107
"2018",174.70343
"2019",177.492661
"2020",174.768753
"2021",172.641846
"2022",172.51123
"2023",168.126892
"2024",166.503723
"2025",165.328354
"2026",163.835815
"2027",165.253723
"2028",169.815369
"2029",168.369446
"2030",168.304092
"2031",164.638031
"2032",161.429031
"2033",164.171646
"2034",160.832047
"2035",163.7052
"2036",168.136215
"2037",166.774277
"2038",168.63063
"2039",171.111954
"2040",169.983261
"2041",172.166107
"2042",175.048584
"2043",177.035553
"2044",176.307953
"2045",177.259445
"2046",176.000076
"2047",176.410553
"2048",178.649399
"2049",177.529999
"2050",179.311737
"2051",178.845306
"2052",179.855942
"2053",177.600708
"2054",179.472214
"2055",178.985641
"2056",177.488419
"2057",177.87207
"2058",174.905655
"2059",175.860138
"2060",170.975418
"2061",172.350998
"2062",177.750427
"2063",177.179611
"2064",179.57518
"2065",178.330643
"2066",179.968246
"2067",177.769135
"2068",180.726181
"2069",179.631332
"2070",178.99501
"2071",175.317398
"2072",175.214493
"2073",175.981796
"2074",178.75174
"2075",175.897583
"2076",179.883987
"2077",179.247665
"2078",179.71553
"2079",180.033737
"2080",180.19278
"2081",182.373154
"2082",183.074982
"2083",183.018845
"2084",185.021423
"2085",188.184311
"2086",187.351471
"2087",184.675171
"2088",185.376999
"2089",184.197922
"2090",185.582886
"2091",186.509293
"2092",185.274048
"2093",183.898499
"2094",184.806183
"2095",185.807449
"2096",183.804886
"2097",184.843643
"2098",186.499893
"2099",184.618988
"2100",183.645813
"2101",184.712585
"2102",187.622864
"2103",188.773819
"2104",187.65094
"2105",188.493118
"2106",189.606674
"2107",189.934219
"2108",191.515701
"2109",192.208145
"2110",191.908691
"2111",191.787064
"2112",194.454025
"2113",193.125244
"2114",195.633087
"2115",195.698807
"2116",193.54921
"2117",195.069855
"2118",193.774506
"2119",195.520447
"2120",196.06488
"2121",197.547989
"2122",196.928482
"2123",196.205719
"2124",200.063736
"2125",200.824066
"2126",199.998016
"2127",198.77771
"2128",200.467361
"2129",199.875961
"2130",201.443619
"2131",200.120041
"2132",203.236481
"2133",205.010635
"2134",201.284027
"2135",199.772736
"2136",200.101273
"2137",194.919662
"2138",195.989777
"2139",197.06929
"2140",196.374664
"2141",195.285751
"2142",195.445343
"2143",191.549774
"2144",192.253769
"2145",194.487885
"2146",197.238281
"2147",199.153168
"2148",199.904144
"2149",198.233276
"2150",199.434799
"2151",199.369095
"2152",198.533646
"2153",200.176376
"2154",198.111237
"2155",194.638092
"2156",192.450928
"2157",193.59613
"2158",194.159317
"2159",194.497253
"2160",192.497864
"2161",192.141144
"2162",192.591705
"2163",193.089203
"2164",192.516663
"2165",190.967773
"2166",193.342667
"2167",189.334457
"2168",188.799393
"2169",188.433334
"2170",189.634842
"2171",190.151138
"2172",188.846344
"2173",188.630417
"2174",184.687943
"2175",176.230286
"2176",168.457901
"2177",167.293915
"2178",173.095016
"2179",177.610168
"2180",176.847214
"2181",177.647858
"2182",171.544128
"2183",173.795319
"2184",174.313416
"2185",169.905182
"2186",175.085785
"2187",174.897415
"2188",175.114059
"2189",174.511215
"2190",173.258484
"2191",176.564636
"2192",177.685501
"2193",175.622696
"2194",170.432663
"2195",172.702698
"2196",169.283539
"2197",168.991531
"2198",166.636688
"2199",169.387146
"2200",162.97258
"2201",161.879959
"2202",163.669601
"2203",165.798416
"2204",166.730881
"2205",170.206573
"2206",169.848679
"2207",171.647751
"2208",170.55513
"2209",168.784302
"2210",169.763916
"2211",170.460938
"2212",169.085709
"2213",174.219223
"2214",174.426422
"2215",174.953934
"2216",174.737274
"2217",169.264709
"2218",172.900497
"2219",174.727859
"2220",176.150146
"2221",175.490829
"2222",180.209885
"2223",178.862915
"2224",176.611725
"2225",178.665131
"2226",179.616486
"2227",180.520737
"2228",180.869263
"2229",187.604019
"2230",185.333984
"2231",186.322998
"2232",185.927414
"2233",181.575684
"2234",179.333908
"2235",181.001129
"2236",179.503464
"2237",182.413986
"2238",181.820602
"2239",180.351166
"2240",178.203598
"2241",177.713791
"2242",178.165924
"2243",179.409241
"2244",179.598297
"2245",182.481033
"2246",179.825104
"2247",175.042633
"2248",179.569901
"2249",175.316727
"2250",172.887695
"2251",170.798889
"2252",172.122086
"2253",166.876511
"2254",166.725281
"2255",172.027573
"2256",175.997284
"2257",172.594666
"2258",165.865189
"2259",168.001221
"2260",170.175125
"2261",172.916046
"2262",172.462357
"2263",171.658997
"2264",173.464249
"2265",172.027573
"2266",170.345215
"2267",167.424698
"2268",164.541977
"2269",160.52507
"2270",155.591339
"2271",154.948654
"2272",156.640472
"2273",156.621582
"2274",150.270111
"2275",152.538498
"2276",147.0755
"2277",148.219147
"2278",145.317551
"2279",143.332687
"2280",148.256943
"2281",142.831757
"2282",145.979141
"2283",145.289169
"2284",148.445999
"2285",152.699158
"2286",150.893951
"2287",143.379929
"2288",144.306183
"2289",147.907242
"2290",147.888367
"2291",141.064316
"2292",140.119171
"2293",139.155106
"2294",132.973785
"2295",138.115402
"2296",140.846954
"2297",142.661636
"2298",139.627701
"2299",138.852661
"2300",140.629562
"2301",136.962387
"2302",137.576706
"2303",140.119171
"2304",142.009491
"2305",141.943054
"2306",146.803223
"2307",146.376053
"2308",147.448776
"2309",148.882141
"2310",147.467728
"2311",143.90802
"2312",142.303772
"2313",143.357437
"2314",146.129288
"2315",145.702118
"2316",144.316193
"2317",142.901749
"2318",145.151535
"2319",149.603592
"2320",148.360046
"2321",146.376053
"2322",146.262192
"2323",145.236984
"2324",146.034348
"2325",147.163986
"2326",148.559402
"2327",149.01503
"2328",151.710922
"2329",149.764969
"2330",147.467728
"2331",147.315872
"2332",142.778381
"2333",142.654968
"2334",144.47757
"2335",146.480515
"2336",151.739426
"2337",152.745621
"2338",150.476898
"2339",150.951523
"2340",154.397308
"2341",158.507629
"2342",156.93187
"2343",158.289322
"2344",156.713516
"2345",157.425476
"2346",158.450668
"2347",155.954102
"2348",155.783279
"2349",157.74823
"2350",154.862473
"2351",151.948273
"2352",151.435608
"2353",150.790131
"2354",149.518143
"2355",153.229736
"2356",151.331253
"2357",150.049728
"2358",147.458237
"2359",147.496216
"2360",146.803223
"2361",151.824844
"2362",146.850708
"2363",146.670364
"2364",147.562637
"2365",149.594086
"2366",153.068359
"2367",151.141373
"2368",152.056381
"2369",152.008774
"2370",152.475769
"2371",151.818115
"2372",148.377243
"2373",149.702118
"2374",147.90065
"2375",147.395477
"2376",145.994339
"2377",142.867981
"2378",141.667023
"2379",139.341324
"2380",139.312744
"2381",139.760742
"2382",138.817093
"2383",140.828278
"2384",141.400162
"2385",141.199982
"2386",145.508255
"2387",135.214188
"2388",132.974274
"2389",135.738449
"2390",138.68367
"2391",141.619354
"2392",141.30484
"2393",137.682846
"2394",138.759918
"2395",140.113419
"2396",143.335068
"2397",145.060272
"2398",149.568634
"2399",150.52182
"2400",154.925369
"2401",154.067535
"2402",155.678375
"2403",153.848343
"2404",154.191452
"2405",152.552017
"2406",152.895203
"2407",152.990509
"2408",153.610046
"2409",153.447998
"2410",153.009552
"2411",151.370117
"2412",150.769638
"2413",148.748947
"2414",150.922134
"2415",150.645737
"2416",154.496475
"2417",155.201797
"2418",155.783218
"2419",154.591812
"2420",156.183548
"2421",155.602158
"2422",157.794388
"2423",157.889633
"2424",157.908737
"2425",158.280472
"2426",158.44252
"2427",158.471115
"2428",158.299561
"2429",157.556091
"2430",158.127975
"2431",158.194717
"2432",159.052521
"2433",162.066696
"2434",162.152817
"2435",161.243774
"2436",161.884903
"2437",162.028427
"2438",162.35379
"2439",164.25798
"2440",161.301224
"2441",163.683838
"2442",159.798889
"2443",158.995102
"2444",160.832321
"2445",158.842041
"2446",159.042969
"2447",159.291763
"2448",159.827576
"2449",160.774933
"2450",158.009506
"2451",154.516907
"2452",155.866135
"2453",156.401962
"2454",152.096024
"2455",154.315979
"2456",154.124619
"2457",155.272888
"2458",159.224747
"2459",159.942413
"2460",162.506851
"2461",163.664688
"2462",161.750916
"2463",161.99971
"2464",160.200821
"2465",163.167099
"2466",161.712646
"2467",165.186142
"2468",166.985046
"2469",166.985046
"2470",167.138168
"2471",167.568771
"2472",167.98024
"2473",169.434692
"2474",170.085358
"2475",169.501633
"2476",170.554245
"2477",170.381973
"2478",168.965805
"2479",168.611755
"2480",168.334259
"2481",173.654526
"2482",174.0755
"2483",184.32373
"2484",192.208405
"2485",195.146027
"2486",200.160065
"2487",202.083405
"2488",197.365982
"2489",200.590652
"2490",201.279648
"2491",201.978149
"2492",202.006866
"2493",203.155106
"2494",202.265244
"2495",201.279648
"2496",203.247284
"2497",210.484558
"2498",217.529831
"2499",214.391113
"2500",219.372757
"2501",222.089096
"2502",226.101227
"2503",231.75473
"2504",232.138672
"2505",227.646576
"2506",228.971191
"2507",230.295746
"2508",233.242462
"2509",229.307114
"2510",229.470306
"2511",233.328873
"2512",231.745148
"2513",230.478119
"2514",231.294006
"2515",231.860291
"2516",230.986847
"2517",228.616043
"2518",229.835037
"2519",231.869919
"2520",233.367279
"2521",231.629929
"2522",235.066177
"2523",233.136887
"2524",232.829758
"2525",235.891663
"2526",234.048752
"2527",234.490295
"2528",226.274017
"2529",224.882202
"2530",222.117874
"2531",222.876144
"2532",223.327316
"2533",224.296722
"2534",227.723343
"2535",229.959839
"2536",227.435425
"2537",224.507889
"2538",220.111816
"2539",221.407608
"2540",221.158051
"2541",231.274796
"2542",230.343765
"2543",229.998215
"2544",228.184082
"2545",231.850723
"2546",232.973724
"2547",236.38118
"2548",239.443069
"2549",240.479721
"2550",239.423889
"2551",240.326172
"2552",241.650726
"2553",241.621964
"2554",241.103622
"2555",237.417831
"2556",239.318314
"2557",238.721634
"2558",243.196609
"2559",241.608704
"2560",243.369812
"2561",242.522934
"2562",241.454742
"2563",240.819565
"2564",240.761841
"2565",239.029602
"2566",238.817886
"2567",238.394455
"2568",237.489838
"2569",238.875626
"2570",234.756744
"2571",233.024506
"2572",224.228592
"2573",222.371262
"2574",223.169998
"2575",219.811386
"2576",216.991699
"2577",220.696747
"2578",219.849884
"2579",222.51561
"2580",221.072083
"2581",220.340683
"2582",220.629364
"2583",219.08963
"2584",220.03273
"2585",219.301331
"2586",220.2733
"2587",219.166626
"2588",217.251511
"2589",214.91301
"2590",217.742325
"2591",207.473984
"2592",206.030457
"2593",209.851028
"2594",208.696198
"2595",214.816772
"2596",218.098389
"2597",217.684586
"2598",217.30925
"2599",215.374939
"2600",216.385422
"2601",216.645218
"2602",217.790436
"2603",218.059906
"2604",218.329346
"2605",216.55864
"2606",215.336426
"2607",216.414276
"2608",216.298782
"2609",214.431839
"2610",216.645218
"2611",217.107193
"2612",205.674393
"2613",207.060196
"2614",207.281525
"2615",207.887817
"2616",211.371521
"2617",215.403809
"2618",214.095016
"2619",215.115082
"2620",210.905106
"2621",203.99144
"2622",207.612411
"2623",205.970932
"2624",206.627518
"2625",207.148956
"2626",208.355942
"2627",211.233398
"2628",214.786789
"2629",214.275009
"2630",216.486237
"2631",218.716751
"2632",215.549622
"2633",214.178482
"2634",218.349838
"2635",217.355255
"2636",214.835052
"2637",212.208679
"2638",209.717422
"2639",212.855606
"2640",212.701111
"2641",215.539993
"2642",216.688995
"2643",214.265366
"2644",219.460281
"2645",220.194122
"2646",218.890594
"2647",217.529083
"2648",218.069824
"2649",219.141617
"2650",219.566483
"2651",222.472916
"2652",220.734879
"2653",221.372131
"2654",215.626877
"2655",215.201996
"2656",214.651611
"2657",212.604538
"2658",210.673386
"2659",213.956406
"2660",214.603333
"2661",213.859848
"2662",215.91655
"2663",217.577347
"2664",219.189911
"2665",218.485016
"2666",216.283493
"2667",221.883911
"2668",224.90625
"2669",224.066147
"2670",223.061935
"2671",217.741531
"2672",216.437943
"2673",219.537521
"2674",219.759613
"2675",217.847748
"2676",213.80188
"2677",214.506775
"2678",213.193558
"2679",215.887573
"2680",215.076492
"2681",215.317871
"2682",214.815765
"2683",212.768723
"2684",213.117508
"2685",215.500977
"2686",216.779907
"2687",218.853348
"2688",211.005341
"2689",212.022644
"2690",209.125671
"2691",210.453064
"2692",214.183258
"2693",218.921173
"2694",219.512177
"2695",219.793182
"2696",218.213882
"2697",220.452011
"2698",221.789093
"2699",222.641693
"2700",224.095032
"2701",223.84314
"2702",223.097092
"2703",222.787064
"2704",227.457123
"2705",228.145004
"2706",229.811493
"2707",233.163864
"2708",234.103729
"2709",232.834427
"2710",238.405579
"2711",238.366821
"2712",235.247009
"2713",235.053223
"2714",234.859451
"2715",232.340332
"2716",231.109833
"2717",234.869141
"2718",228.745743
"2719",234.500916
"2720",232.524414
"2721",237.116959
"2722",234.597855
"2723",237.223557
"2724",234.190903
"2725",234.200607
"2726",234.190903
"2727",233.396423
"2728",234.936935
"2729",236.661591
"2730",239.200089
"2731",236.797226
"2732",235.915527
"2733",232.350021
"2734",233.745209
"2735",233.29953
"2736",232.679413
"2737",232.795715
"2738",229.859955
"2739",230.218445
"2740",231.923691
"2741",230.615707
"2742",230.72226
"2743",230.615707
"2744",229.075134
"2745",228.610062
"2746",227.796219
"2747",231.962463
"2748",234.586685
"2749",240.690445
"2750",241.963684
"2751",243.615982
"2752",241.361069
"2753",239.047867
"2754",241.584641
"2755",243.324402
"2756",243.11058
"2757",250.4487
"2758",248.388184
"2759",248.31044
"2760",249.953018
"2761",252.722992
"2762",249.282379
"2763",248.018829
"2764",253.685272
"2765",251.702499
"2766",250.487534
"2767",248.767212
"2768",249.301804
"2769",247.610641
"2770",248.495102
"2771",246.181885
"2772",249.622543
"2773",248.349289
"2774",244.743439
"2775",246.813644
"2776",247.192703
"2777",247.970261
"2778",249.81694
"2779",251.206802
"2780",246.531769
"2781",243.926987
"2782",248.932465
"2783",254.180954
"2784",252.791061
"2785",258.224152
"2786",261.480194
"2787",260.615173
"2788",264.833374
"2789",261.39267
"2790",260.372162
"2791",264.590393
"2792",252.742462
"2793",242.119202
"2794",251.440079
"2795",249.884979
"2796",239.436661
"2797",242.303848
"2798",246.055527
"2799",248.359039
"2800",255.211182
"2801",260.16803
"2802",260.109741
"2803",257.45639
"2804",256.008209
"2805",254.09343
"2806",259.283569
"2807",263.647583
"2808",260.411072
"2809",256.268677
"2810",250.274521
"2811",251.580566
"2812",256.453888
"2813",260.167358
"2814",258.627411
"2815",259.592316
"2816",263.910065
"2817",266.453949
"2818",261.726837
"2819",257.730713
"2820",259.85553
"2821",260.820404
"2822",255.878876
"2823",256.522156
"2824",255.216049
"2825",246.200439
"2826",239.046371
"2827",248.422653
"2828",240.995712
"2829",243.052246
"2830",245.479156
"2831",241.08345
"2832",244.231598
"2833",246.21991
"2834",249.329102
"2835",243.637054
"2836",245.800812
"2837",250.069839
"2838",246.531799
"2839",253.013306
"2840",249.436325
"2841",251.346664
"2842",247.20433
"2843",247.564941
"2844",247.730637
"2845",245.57663
"2846",240.42067
"2847",236.346558
"2848",233.169144
"2849",234.007355
"2850",233.724701
"2851",232.291931
"2852",230.674011
"2853",228.120377
"2854",227.496582
"2855",228.987823
"2856",231.190552
"2857",230.995651
"2858",235.605804
"2859",237.272491
"2860",236.765671
"2861",237.730576
"2862",235.440094
"2863",234.855331
"2864",233.042435
"2865",230.995651
"2866",231.677902
"2867",231.970306
"2868",231.785126
"2869",230.118454
"2870",229.056061
"2871",221.278229
"2872",224.144104
"2873",220.935883
"2874",223.351837
"2875",224.858093
"2876",223.342056
"2877",227.146927
"2878",228.34021
"2879",228.281509
"2880",228.966187
"2881",227.538147
"2882",228.711899
"2883",228.535812
"2884",226.843704
"2885",226.325287
"2886",223.322495
"2887",222.833435
"2888",222.011826
"2889",221.072815
"2890",216.690872
"2891",216.730026
"2892",215.360657
"2893",218.529724
"2894",215.742142
"2895",218.37323
"2896",215.556259
"2897",215.908401
"2898",216.93541
"2899",222.99971
"2900",221.884659
"2901",220.720703
"2902",222.246582
"2903",221.454285
"2904",226.374191
"2905",225.963379
"2906",226.178574
"2907",224.603821
"2908",226.618729
"2909",228.643387
"2910",230.717026
"2911",231.509277
"2912",231.920074
"2913",232.438507
"2914",233.719803
"2915",232.233078
"2916",230.873489
"2917",228.868362
"2918",228.966187
"2919",230.7659
"2920",232.624329
"2921",231.196289
"2922",228.662964
"2923",224.584259
"2924",221.894455
"2925",224.535355
"2926",224.232132
"2927",227.90004
"2928",228.271744
"2929",230.619202
"2930",233.426392
"2931",234.101273
"2932",231.166962
"2933",229.963867
"2934",237.289917
"2935",237.064941
"2936",236.898132
"2937",234.93541
"2938",233.375061
"2939",233.227875
"2940",233.12973
"2941",230.146439
"2942",229.547806
"2943",227.585114
"2944",225.916809
"2945",223.895203
"2946",224.071869
"2947",224.96489
"2948",223.640076
"2949",224.621429
"2950",231.186691
"2951",232.972733
"2952",230.951141
"2953",228.556641
"2954",228.164093
"2955",224.611633
"2956",223.492889
"2957",220.058151
"2958",221.127823
"2959",221.854034
"2960",223.53212
"2961",223.237717
"2962",221.500732
"2963",221.147461
"2964",218.752945
"2965",210.882507
"2966",208.998322
"2967",209.881531
"2968",211.20636
"2969",217.565506
"2970",224.022797
"2971",220.754883
"2972",222.727432
"2973",217.467377
"2974",214.484055
"2975",205.278976
"2976",210.018921
"2977",208.399689
"2978",210.489975
"2979",215.190643
"2980",221.167053
"2981",222.737244
"2982",225.406509
"2983",224.454575
"2984",223.944275
"2985",226.966843
"2986",227.329941
"2987",218.497803
"2988",202.207382
"2989",201.226013
"2990",198.71376
"2991",199.94046
"2992",198.350647
"2993",194.523392
"2994",187.771683
"2995",189.008194
"2996",185.573471
"2997",190.715759
"2998",190.038605
"2999",194.65097
"3000",191.990601
"3001",187.891632
"3002",188.817856
"3003",181.60527
"3004",181.388489
"3005",177.033356
"3006",176.205688
"3007",174.20546
"3008",174.106934
"3009",173.338394
"3010",170.234619
"3011",165.544449
"3012",168.983246
"3013",166.766266
"3014",165.938599
"3015",157.701279
"3016",154.055573
"3017",160.539001
"3018",162.98262
"3019",160.637543
"3020",164.598572
"3021",169.505463
"3022",167.022446
"3023",172.481155
"3024",173.436905
"3025",172.796448
"3026",173.88031
"3027",173.417206
"3028",174.333542
"3029",176.09729
"3030",177.269836
"3031",194.187866
"3032",196.168365
"3033",199.567734
"3034",194.779053
"3035",194.010513
"3036",194.897308
"3037",197.794159
"3038",196.789124
"3039",197.557678
"3040",199.508606
"3041",195.104202
"3042",193.655777
"3043",194.818466
"3044",195.104202
"3045",193.734619
"3046",190.23671
"3047",188.857239
"3048",188.522232
"3049",191.63588
"3050",191.832947
"3051",189.704636
"3052",195.587021
"3053",195.754532
"3054",195.685562
"3055",193.478424
"3056",193.123718
"3057",195.734802
"3058",195.98114
"3059",195.981155
"3060",194.596115
"3061",196.080078
"3062",193.883835
"3063",193.903625
"3064",192.657104
"3065",190.708176
"3066",193.151749
"3067",193.873947
"3068",194.526886
"3069",195.140244
"3070",195.357895
"3071",196.139435
"3072",200.304413
"3073",198.968857
"3074",192.241592
"3075",192.49881
"3076",186.938919
"3077",186.493713
"3078",188.650406
"3079",187.997467
"3080",189.135162
"3081",189.936523
"3082",194.635696
"3083",195.387558
"3084",198.711639
"3085",200.066971
"3086",200.215378
"3087",200.373657
"3088",198.474197
"3089",200.80896
"3090",200.660568
"3091",205.616974
"3092",197.77179
"3093",199.681137
"3094",205.676331
"3095",203.707626
"3096",202.411636
"3097",201.956543
"3098",198.39505
"3099",199.24585
"3100",200.907898
"3101",204.706818
"3102",203.717514
"3103",202.540237
"3104",202.79747
"3105",205.3004
"3106",204.222046
"3107",200.462708
"3108",198.800659
"3109",199.473404
"3110",199.888916
"3111",192.884644
"3112",194.180618
"3113",194.299332
"3114",197.010025
"3115",195.318314
"3116",195.130356
"3117",196.980347
"3118",193.428757
"3119",189.916718
"3120",190.935699
"3121",187.413788
"3122",186.877151
"3123",186.201385
"3124",181.351837
"3125",182.04747
"3126",188.69574
"3127",187.264725
"3128",188.626175
"3129",188.626175
"3130",192.909286
"3131",193.515488
"3132",189.033615
"3133",190.255936
"3134",190.46463
"3135",189.639816
"3136",193.763916
"3137",194.419815
"3138",194.479431
"3139",194.717941
"3140",196.258286
"3141",194.837189
"3142",195.781265
"3143",198.076874
"3144",203.323929
"3145",205.569839
"3146",204.695313
"3147",204.754944
"3148",206.603348
"3149",204.466751
"3150",206.474167
"3151",204.685379
"3152",210.03183
"3153",212.605682
"3154",210.260391
"3155",214.175827
"3156",211.969666
"3157",213.182068
"3158",212.188293
"3159",212.665298
"3160",218.061432
"3161",220.645218
"3162",218.608002
"3163",220.754532
"3164",218.945892
"3165",220.019135
"3166",218.75708
"3167",210.280273
"3168",208.064178
"3169",200.422134
"3170",204.725128
"3171",204.456818
"3172",205.708954
"3173",205.609573
"3174",200.263138
"3175",202.83699
"3176",194.340302
"3177",194.956436
"3178",198.176239
"3179",200.938889
"3180",198.732742
"3181",199.428375
"3182",201.157516
"3183",194.976318
"3184",198.4048
"3185",196.834656
"3186",199.169998
"3187",203.440002
"3188",203.910004
"3189",198.970001
"3190",201.729996
"3191",207.050003
"3192",207.210007
"3193",211.979996
"3194",215.630005
"3195",216.800003
"3196",218.740005
"3197",219.899994
"3198",217.220001
"3199",215.910004
"3200",217.080002
"3201",215.229996
"3202",213.740005
"3203",213.460007
"3204",207.75
"3205",210.029999
"3206",208.220001
"3207",208.970001
"3208",207.229996
"3209",202.690002
"3210",198.25
"3211",197.240005
"3212",200.800003
"3213",200.399994
"3214",197.369995
"3215",196.850006
"3216",199.869995
"3217",204.679993
"3218",205.820007
"3219",206.460007
"3220",207.419998
"3221",206.460007
"3222",206.520004
"3223",209.25
"3224",209.600006
"3225",211.320007
"3226",211.050003
"3227",214.229996
"3228",217.75
"3229",217.639999
"3230",215.809998
"3231",213.380005
"3232",217.389999
"3233",219.869995
