"","CSCO.Close"
"1",0.0259846978969844
"2",0.000351308640581749
"3",0.00560421801637334
"4",-0.00560421801637334
"5",0.00734914956616661
"6",0.000348649117203337
"7",0.00798473244194087
"8",-0.0309012994608371
"9",-0.0385362470501169
"10",-0.0198396546681185
"11",0.00940740674789531
"12",-0.00638739701656155
"13",-0.0186423500999995
"14",0.0321205773494011
"15",-0.0252319928954989
"16",0.00494583479064392
"17",-0.00532729580543378
"18",0.00152500985569493
"19",0.0139968614950723
"20",-0.00112764527777642
"21",0.0204734123058099
"22",0.0135409573757448
"23",-0.00839570530433109
"24",0.0292597714839999
"25",0.00177837503348766
"26",-0.0153986933628083
"27",-0.00615379317550291
"28",-0.0131581208883311
"29",0.010248955200221
"30",0.00363504593776875
"31",-0.00145239679584419
"32",0.00507431317146922
"33",-0.0101745428993194
"34",0.000730230056731784
"35",0.00400656154245871
"36",-0.0098630936551718
"37",-0.0578064988988856
"38",0.00890623505637222
"39",-0.0034756164843599
"40",-0.0215062447466563
"41",0.00630419764418022
"42",0.0194482994631251
"43",-0.00347281846233782
"44",0.0107651556581825
"45",-0.0026804534524798
"46",0.00344497948360223
"47",-0.025935264377674
"48",0.0136321487900579
"49",-0.00154862596858907
"50",0.00694987366754951
"51",0.0118570525075059
"52",0.00151979515423051
"53",0.0169400245687426
"54",-0.0158016825968024
"55",-0.00684934158494332
"56",0.00571099961300314
"57",-0.0156880967645621
"58",-0.00890956873889381
"59",-0.0105614513776509
"60",0.00392469098896786
"61",-0.00510509639850554
"62",0.0175614269299476
"63",0.00962471337420956
"64",-0.00153378100493473
"65",0.00535791561127619
"66",-0.00804760028159057
"67",-0.00772498998542703
"68",0.00695512850071633
"69",0.0269722338787348
"70",-0.0022513705147178
"71",0.008230461570776
"72",0.00111714774014438
"73",-0.00709623879620258
"74",0.0115522059824906
"75",-0.0153073737448142
"76",-0.00945007977688128
"77",0.0169464040961071
"78",-0.00862566758116134
"79",0.017917687261122
"80",-0.0107868256104888
"81",0.00447765665137601
"82",0.0297105654736618
"83",0.00108365549554046
"84",0.00755259825385579
"85",-0.0035894152606466
"86",0.0195841046372727
"87",-0.067457716623923
"88",-0.00833334352186865
"89",0.0128496854951412
"90",-0.0128496854951412
"91",-0.00610463551673268
"92",0.0133056898064745
"93",-0.00758149940064801
"94",-0.00266725248622146
"95",0.00722303097033272
"96",-0.00113697186519524
"97",-0.0152850511183873
"98",-0.0221928131441973
"99",0.00471328445209851
"100",0.0147805102289027
"101",0.0187421439165987
"102",0.0198843921544367
"103",-0.00223127645135435
"104",0.00556893947935144
"105",0.00700984226213253
"106",-0.0223057942790033
"107",-0.0286006148332154
"108",0.024079130114369
"109",-0.00606062461169099
"110",-0.0099275731334032
"111",0.0178746725191119
"112",0.0112444585947076
"113",0.0206572823277784
"114",-0.0065934307213511
"115",0.00330214951691676
"116",-0.00366965549421971
"117",0.0044020246359322
"118",-0.0147495299260618
"119",0.00407789250775847
"120",0.00442964909565857
"121",0.00441015047755267
"122",0.021045769515796
"123",0
"124",0.00143519941095871
"125",0.00750141055544828
"126",0.00956270772956147
"127",0.00351858209599154
"128",-0.000702670443528675
"129",-0.0049331319211241
"130",0.0157704690522458
"131",0.0355228271014654
"132",0.00301558288552917
"133",0
"134",-0.00536730582983402
"135",-0.00980230918194014
"136",0.0168410845635489
"137",-0.0117589459794969
"138",0.0223902419480915
"139",-0.0166614983953188
"140",0.00502766267696586
"141",-0.00805643833912617
"142",-0.0238756570399397
"143",0.0177904455643936
"144",-0.0198636667989298
"145",0.0293136189994301
"146",0.0120201449250126
"147",-0.0224879428625453
"148",0.00135688625562214
"149",0.00642005911126775
"150",0.0648752444891829
"151",-0.00887767403201734
"152",-0.000318553917625586
"153",-0.0180010970985229
"154",-0.0186615335378493
"155",-0.0112995552539332
"156",-0.0209396712129486
"157",0.0232765108675896
"158",-0.00769878279602665
"159",0.0113599617899389
"160",0.00530153660537991
"161",0.000330414673417323
"162",0.015082253108766
"163",0.0119684430427953
"164",-0.0224363174959152
"165",0.019215702795873
"166",0.0137756463243299
"167",0.0154699217721319
"168",0.0124534610712863
"169",-0.00309882486744328
"170",-0.0118640478092691
"171",-0.0101010959865038
"172",0.00695545010858467
"173",0.0131457292125026
"174",-0.0118862517358651
"175",-0.00853223680571702
"176",0.00158550852281136
"177",-0.00190291846040758
"178",0.0169976075795568
"179",0.00155930171062169
"180",0.0037324771750824
"181",0.0027902669720099
"182",-0.0130883767144727
"183",0.0174133758666857
"184",0.0168123474438486
"185",0.0072485365015833
"186",-0.00301383587057558
"187",-0.00423470063100773
"188",0.00060593941247955
"189",-0.0171100113106597
"190",-0.00928796107471497
"191",0.0154324040861566
"192",0.00183589400042061
"193",0.0112481196363792
"194",0.00572715941540469
"195",-0.014227605128093
"196",0.00365183015323334
"197",-0.00395669370186669
"198",-0.0153660056141356
"199",0.00525091553977397
"200",0.00675473871250443
"201",-0.0367757241602149
"202",-0.00413549175141092
"203",0.00540455916048588
"204",-0.00891728824733162
"205",-0.00256246136369986
"206",0.0228291461611683
"207",0.0158610073626568
"208",0.00615200331321164
"209",0.013705102174244
"210",-0.0269789810766743
"211",0.0102025312320424
"212",0.0173812578187014
"213",0.0297818300315784
"214",-0.0398077985652985
"215",-0.100115634245366
"216",-0.0360801553341736
"217",0.0183746196082661
"218",0.0347713679098609
"219",-0.0143695042040335
"220",-0.013896173922487
"221",0.0216079304982872
"222",-0.0171808501462341
"223",-0.0133403378535246
"224",-0.0275807667994066
"225",0.0154552072561729
"226",-0.0423626601760971
"227",-0.000363702495371321
"228",0.0201662941409264
"229",0.00355875826761842
"230",-0.00462881367683821
"231",-0.0161903158731556
"232",-0.0223739760835882
"233",0.0191042184020311
"234",0.0112178123844302
"235",-0.0123100753531671
"236",0.00762112185120056
"237",0.0129312146722489
"238",0.0274568115108162
"239",0.00898727131089672
"240",-0.0142091805698255
"241",-0.0247362077814657
"242",0.00713011920641637
"243",0.00141998601389348
"244",0.0031875357894573
"245",0.0112518414367568
"246",0.00418699153527458
"247",-0.0119090728652673
"248",-0.0210083567572354
"249",-0.00831086987759155
"250",-0.0179393062347772
"251",-0.0197730370431741
"252",0.00788140675897964
"253",-0.0238331306489465
"254",0.000382698569263873
"255",-0.0271544618283044
"256",0.0313553846418597
"257",0
"258",-0.0142009292231386
"259",0.016104641926316
"260",-0.0168780758246272
"261",-0.0274527044086903
"262",-0.0331477397503166
"263",-0.00123384760119283
"264",-0.0343273142343428
"265",0.0231540964031294
"266",0.0439631216312386
"267",-0.0369135385093098
"268",-0.00414083398834464
"269",-0.00166117151283718
"270",0.0123918149088262
"271",0.00573063365808313
"272",0.0177998627974389
"273",-0.0459474164209666
"274",-0.0237904168366354
"275",-0.0077687054506197
"276",0.0129144716324232
"277",0.00682023104069129
"278",-0.000850021282587043
"279",-0.00383387051072193
"280",0.0265334164640678
"281",-0.0222744237455643
"282",-0.00982292758500902
"283",-0.0181901948478962
"284",0.0138891989704089
"285",-0.000431127386236962
"286",0.0175255176420901
"287",0.00843882662905671
"288",0.0112807131343593
"289",0.0359076104827065
"290",-0.0116913645414889
"291",-0.0110093265087801
"292",0.000409961071738074
"293",-0.00451834811587037
"294",-0.000823764444775943
"295",-0.0136902778375894
"296",0.00707599176872398
"297",-0.00498965681804142
"298",0.0472208196941448
"299",-0.000397733160894642
"300",-0.00758630110716618
"301",-0.0255748051797209
"302",-0.00123427291468037
"303",0.0517460119674107
"304",-0.0443629595624841
"305",0.0121854069130558
"306",0.0345203495496404
"307",0.0042810340588364
"308",-0.0383977105536246
"309",-0.0245110713694738
"310",-0.00414422474602638
"311",0.000415196186159594
"312",0.0362786880706518
"313",-0.00080100126030791
"314",-0.0296829686086895
"315",0.0065816363989839
"316",-0.0186224293264976
"317",0.000834989610100312
"318",-0.0181094862728131
"319",0.0214429060261359
"320",-0.0278382379920217
"321",-0.00299850312469996
"322",-0.00861694259002244
"323",0.0306798235530512
"324",0.00251462836854843
"325",0.025621278060822
"326",0.0153848786627009
"327",0.00120461771653035
"328",0.0206520838608442
"329",0.0229269796435876
"330",-0.0166574059381674
"331",-0.00981362144832465
"332",0.00629180211652791
"333",0.00508306089718857
"334",0.0393857451430142
"335",0.00299513514809258
"336",-0.0177262416738562
"337",0.00190074184005873
"338",-0.0211099372074179
"339",-0.00310800548912082
"340",-0.00820481242365512
"341",0.0136374605263772
"342",0.00193307622409256
"343",-0.00542212802874875
"344",0.0287101058824315
"345",0.000377287308757523
"346",-0.00529498201385881
"347",-0.019916437332637
"348",-0.0187431879266149
"349",0.0082433831228732
"350",-0.0189429500129581
"351",0.019333804033959
"352",-0.00195576041303713
"353",0.0258950894232775
"354",0.0192713320613569
"355",-0.0139440362559231
"356",-0.00037957867223648
"357",0.0158195389448927
"358",0.0287312943513007
"359",-0.0369864630282928
"360",-0.00415333796683814
"361",-0.00265198104562492
"362",-0.0273041759537942
"363",0.0120132816983087
"364",0.015670184971988
"365",-0.00379943458962684
"366",-0.0114856165287605
"367",-0.02692837833307
"368",0.00944884964097126
"369",-0.0350913603956866
"370",-0.00365928457357123
"371",-0.00285535586320584
"372",0.00894682647563494
"373",-0.0362777201926066
"374",-0.00885517047479878
"375",-0.0149352463618366
"376",-0.00474036655827526
"377",-0.0134813957444337
"378",0.0121847022689612
"379",-0.0240764962273263
"380",0.0136415319758583
"381",-0.058496162975314
"382",0.0251671490454406
"383",-0.0141071284705045
"384",-0.0241199546379032
"385",-0.0122815903689966
"386",0.00284760508399584
"387",0.0197096948115627
"388",0.00648450627926112
"389",0.00827590930385957
"390",0.00274348594575091
"391",0.012253386805765
"392",-0.018666601640478
"393",0.0303259265443749
"394",-0.0202663995566419
"395",0.0198204686685388
"396",-0.0112133940157939
"397",-0.00815221906155017
"398",0
"399",0
"400",0.0295720473623731
"401",0.0549730499912391
"402",-0.0147340068110573
"403",0.0280177222742672
"404",0.0151425439901987
"405",-0.00488604382300917
"406",-0.00778537035798577
"407",0.0147001833485696
"408",0.0096813987328237
"409",-0.0170044583100126
"410",-0.0102607097629628
"411",-0.000412626372679359
"412",0
"413",0.0196164447026379
"414",-0.0204422498863517
"415",-0.00413899597507594
"416",0.0107261750015275
"417",0.0118295890650262
"418",-0.0250475427644705
"419",-0.0125524244910773
"420",-0.0187001203330284
"421",-0.0451929502052364
"422",-0.000898114094986635
"423",0.0486618454932684
"424",-0.0172642181747071
"425",0.000870365609130008
"426",0.00260638728361817
"427",0.0176310745408741
"428",-0.0471291423985569
"429",0.0185928338997194
"430",-0.0448505681772624
"431",0.0448505681772624
"432",0.0633042920825408
"433",-0.0497993166256863
"434",-0.0165798296931476
"435",0.00307485423629306
"436",0.0293885028591507
"437",0.0143765689672581
"438",-0.0890743690780154
"439",0.0347271874544774
"440",-0.02741119722435
"441",-0.0347659562314888
"442",0.00235566652264874
"443",-0.037885183722802
"444",-0.0824894424994067
"445",-0.0268978023198985
"446",-0.064756589260206
"447",0.0023241729717256
"448",0.111897431886437
"449",-0.0386188683511346
"450",-0.112336782636669
"451",0.068791684482953
"452",0.00897370015119581
"453",0.056972228011638
"454",-0.0597678126448655
"455",-0.0255188776592954
"456",-0.00981248854455075
"457",-0.0554539099147044
"458",-0.0135803943165507
"459",0.129249343067162
"460",-0.0243239189404094
"461",-0.00448682724194693
"462",-0.00112491572253681
"463",-0.0326022002076196
"464",0.0636296198926729
"465",-0.0526437909897362
"466",-0.0262175226060934
"467",0.037084144001247
"468",-0.000568990058024799
"469",-0.0224469856428966
"470",-0.037359875156
"471",0.0420056442551724
"472",-0.0377848360595099
"473",-0.0249785755385039
"474",0.0146972639443845
"475",-0.0869561754218426
"476",-0.0412918219364173
"477",0.0472422527170484
"478",0.0779615414697119
"479",-0.0616159666949696
"480",0.0610059636077405
"481",0.00911041831211179
"482",-0.100401777508704
"483",0.0237791917661139
"484",0.0440543626961785
"485",-0.043401834124901
"486",0.0390199804783462
"487",0.0789804701153001
"488",-0.00523104941755248
"489",0.00985800966769812
"490",-0.0245339408170255
"491",0.00471977277335167
"492",-0.00886792686966009
"493",0.0338619626101764
"494",-0.0338619626101764
"495",-0.0107463720754839
"496",-0.00120126144179
"497",-0.0163589228265102
"498",-0.00797311773686449
"499",0.00675056260973061
"500",-0.00490497611231611
"501",-0.0161093942223229
"502",0.0136478545178762
"503",0.00430366493652157
"504",0.0396925249384696
"505",0.00880557494796319
"506",0.0389734115396427
"507",-0.0267746547548078
"508",0.0126221408222889
"509",-0.0490752646536308
"510",-0.0181274444727944
"511",0.00304420317149967
"512",-0.0441202950123953
"513",0.00443740823212346
"514",0.000632311118127227
"515",-0.0525583166941375
"516",0.0449440667088918
"517",-0.0212431548037579
"518",0.0332724229981203
"519",0.0254750659143967
"520",0.0260384685357113
"521",0.00892591492737038
"522",-0.057925306004146
"523",-0.06215592549042
"524",0.0224580112380552
"525",0.0200459347419475
"526",0.0139862419747399
"527",0.031689510956983
"528",0.0413356827433513
"529",-0.0112129232882432
"530",-0.0486418695276436
"531",0.00744888631828866
"532",0.00185363037771591
"533",-0.00619203197631446
"534",-0.0516202520494464
"535",0.0052185376095335
"536",-0.0217042390288107
"537",0.00265604405811626
"538",-0.0489227989597318
"539",0.0429367484944283
"540",-0.014785215571218
"541",-0.0191393402106974
"542",0.00550586387452245
"543",-0.0173074586746136
"544",0.00487635936677666
"545",0.0580459821541441
"546",-0.046988509435919
"547",-0.02575847251352
"548",-0.0402932203826154
"549",0.0722182078117997
"550",0.0256251378028227
"551",0.0321023308524588
"552",0
"553",-0.00387597384469274
"554",0.0436915975401777
"555",0.0220597800226026
"556",-0.0164989993800351
"557",-0.0199135391768044
"558",0.0650883385335059
"559",-0.0178257839526008
"560",-0.00661656549212886
"561",0.0436904799795697
"562",-0.0210164185945336
"563",-0.0384895375026653
"564",0.0278132205142749
"565",0.0403209173025685
"566",0.0382068964225115
"567",0.00110198361295
"568",-0.0353076171949405
"569",-0.0395630991798361
"570",0.0164805971605402
"571",0.0394901680837525
"572",0.00392041958081357
"573",0.00223344599356468
"574",-0.0208517563576809
"575",0.0291828237046694
"576",-0.00499030700158842
"577",-0.0385317365444005
"578",0.0217152532827636
"579",-0.0142330888805233
"580",0.010268201441439
"581",0.0444023535654403
"582",-0.00271807716354688
"583",0.0161990038900175
"584",0.0305931031801618
"585",0.0036297680505788
"586",0.0133678083179922
"587",-0.00409417153266345
"588",0.00664449177623272
"589",-0.00101926614328951
"590",-0.0342357069037615
"591",-0.0116774678428855
"592",-0.00642739206728793
"593",0.005893293241932
"594",-0.0364467882534147
"595",0.00221367002997752
"596",-0.00944189186041955
"597",0.0436750100838568
"598",0.00851069012061068
"599",-0.0149415270320961
"600",-0.0272496424473756
"601",-0.0111112254250711
"602",0.0324293325523244
"603",-0.0147102084519646
"604",0.0157912896383374
"605",-0.000540394501127306
"606",0.052643733485422
"607",0.00562522563294321
"608",-0.0128305577013217
"609",0.0158854988996455
"610",0.0101164744898825
"611",0
"612",0.0105131879326779
"613",-0.00649510136234399
"614",0.00749062160384595
"615",-0.00949769698892533
"616",-0.0280129845747825
"617",-0.0145684674811819
"618",0.00626966509692739
"619",-0.0109978062928735
"620",-0.00369296120046192
"621",-0.0273255683787461
"622",0.00865338011962802
"623",0.00215174902409476
"624",0.0223176094679549
"625",-0.0063258511862978
"626",0.00422164215382814
"627",-0.0180663787343698
"628",0.00801067055458793
"629",-0.0160860845601336
"630",0.00162036217952854
"631",-0.015774109617622
"632",-0.00604901503662525
"633",0.00220391279851961
"634",0.00931258442023886
"635",0.0124629085362957
"636",0.00857914109138269
"637",0.0560602937749053
"638",0.0155275847024239
"639",0.0191981771509631
"640",0.0307273334079974
"641",0.0205903390344293
"642",-0.00650555253264429
"643",0.0207619448283833
"644",-0.000913704972514751
"645",-0.00182978097323616
"646",0.00411241155309261
"647",-0.00962211340457886
"648",0.0118994999502573
"649",0.00136394656289518
"650",0.025124695291074
"651",-0.00577646561167011
"652",-0.0121051015895541
"653",0.0062949399932708
"654",-0.00539318161164459
"655",-0.0250983742422877
"656",-0.0219583226207849
"657",0.0122067243387121
"658",0.00372613379415299
"659",-0.00934154409543986
"660",-0.0275944727365105
"661",0.0134165884092208
"662",0.0108876815168286
"663",0.0301436694780723
"664",0.0136119161580361
"665",-0.00587581351540667
"666",-0.00272351513612357
"667",-0.00318689092851931
"668",-0.00228263057985645
"669",0.00546952150837576
"670",-0.0183491386681967
"671",-0.0201082295433457
"672",0.0177906849992695
"673",-0.00278805949162431
"674",0.0161554402222852
"675",0.00365631120311072
"676",0.0140432658962903
"677",0.0344861760711694
"678",0.00347071931912923
"679",-0.0130777362299175
"680",0.0083023852841233
"681",0.0164009283476347
"682",0.0012833370745291
"683",0.00042748452088226
"684",0.00978102651607404
"685",-0.0093537673769104
"686",-0.0264027894020744
"687",-0.00660064017170203
"688",-0.00132533703240467
"689",0.0428358785557168
"690",-0.0132170757991563
"691",0.0102478266598145
"692",-0.0193015209466094
"693",-0.0183571588469662
"694",0.011839690773765
"695",0.0177148288217035
"696",0.0110734093374489
"697",0.00253803007353737
"698",0.0150946678371326
"699",-0.0104581580482455
"700",0.00461498616441958
"701",0.0203031635566981
"702",-0.000410174364725346
"703",-0.0144660920193345
"704",0.00952980073165444
"705",-0.00578988371384748
"706",-0.00624100215862367
"707",0.00914011367562573
"708",-0.000413650471255078
"709",-0.0196371043802142
"710",-0.00677394602216408
"711",-0.0223377410192769
"712",0.0214877197366898
"713",-0.0306521305745515
"714",0.00829522347327494
"715",-0.00392071946374539
"716",0.0164506303677272
"717",0.0271087750871506
"718",-0.00460733799312818
"719",0.00711151292444923
"720",-0.0142739619136614
"721",0.0113518141444895
"722",-0.0219789067187754
"723",0.0131608355373607
"724",0.00672562434331159
"725",0.00917433438245174
"726",-0.00374298627883407
"727",-0.0134230203321408
"728",-0.00933400941622242
"729",0.0185816583378826
"730",-0.00671706975594333
"731",0
"732",-0.0152804759091998
"733",0.000855109091333794
"734",0.0219789067187754
"735",-0.00209244683810317
"736",-0.00167719113367726
"737",0.0137530819559633
"738",0.00206735657810642
"739",-0.0166601111451099
"740",0.00209784008130676
"741",0.00334728332000322
"742",-0.00712646052881816
"743",0.00294056082504657
"744",-0.0152158472372532
"745",-0.00127845742368526
"746",-0.0115806996246048
"747",0.006450248121733
"748",0.0132000642033736
"749",0.00464238024393815
"750",0.00126240283412926
"751",0.00754079819624121
"752",0.00499588892959935
"753",0.000830220055989095
"754",0.00331400469003729
"755",-0.00997510328572604
"756",0.0308476019583943
"757",-0.00446523972142598
"758",-0.00653063545533028
"759",0.00449443035424713
"760",0.00528559869939249
"761",-0.0028426415080971
"762",-0.0159871817431472
"763",0.0180184235959486
"764",0.0125027641967845
"765",-0.0222907299785309
"766",0.0182746202434814
"767",-0.0178648681377691
"768",-0.0177727348055003
"769",-0.0430311764334079
"770",0.000870365609130008
"771",-0.00392242821489619
"772",0.0108578699720492
"773",-0.0275909772607537
"774",-0.00222276157803547
"775",0.0115045961709979
"776",0.0126777654292844
"777",0.00216966889192571
"778",0.00389358051913247
"779",0.0230484376303828
"780",-0.0084746691850639
"781",0.0164594983290858
"782",-0.00545642498475507
"783",0.0071294074258379
"784",-0.0071294074258379
"785",0.0100503358535016
"786",0.00291242144703485
"787",0.00868675558247745
"788",0.00328947651514033
"789",-0.00246617469835986
"790",-0.0103413542225108
"791",0.0119861325876536
"792",-0.000410930763949935
"793",0
"794",0.0110362861428857
"795",0.000406462098535343
"796",0.00930235202842544
"797",0.00441860521240933
"798",0.0103668392553415
"799",0.0358433397293041
"800",0
"801",-0.0100000064095833
"802",0.00385795231593855
"803",-0.00347155617586514
"804",0.00769830606562927
"805",0.0026804534524798
"806",0.00419767836371809
"807",0.00304182744048509
"808",-0.00723950580420318
"809",0.00495904115722734
"810",0.0136055764664911
"811",-0.00715761202315912
"812",-0.000756467495293567
"813",0.00151224984419418
"814",0.00151004184054226
"815",0.0052671303109193
"816",-0.0235393931881691
"817",-0.00771315031593511
"818",0.0130771094343052
"819",0.00190872365467332
"820",0.00456625611840744
"821",-0.00228046464697584
"822",0.0121029841194944
"823",-0.00263500994482868
"824",-0.00339815303785773
"825",0.0165044256476001
"826",0.0122020375913925
"827",-0.0084886652643501
"828",0.00333025284660016
"829",0.00405530509678753
"830",0.00220507255831404
"831",0.00293255342127763
"832",0.00547542900124354
"833",0.00363376133187288
"834",-0.0205210572311811
"835",0.00111012035248681
"836",0.0179590673215144
"837",-0.0220354486550183
"838",0.0223986227878212
"839",-0.0362332426536986
"840",-0.000376576934466133
"841",-0.0407434916351397
"842",-0.0310782388569519
"843",0.0558760617312606
"844",-0.00652718794724549
"845",0.0296037183587097
"846",-0.0463063012508007
"847",-0.0233812900748758
"848",-0.00281068232372084
"849",-0.0207198141318012
"850",-0.00411358037669407
"851",-0.0399464933682823
"852",0.00641439045196046
"853",-0.00384360925891514
"854",-0.00257078119304532
"855",-0.0181823198703475
"856",0.0335083332486179
"857",-0.0217817708210979
"858",-0.00693243677564492
"859",0.0151027681857565
"860",0.0157215478561015
"861",-0.0325650040736498
"862",-0.00874891863922755
"863",0.00874891863922755
"864",-0.00787052598016658
"865",-0.000439121841543155
"866",0.00612961638975618
"867",-0.006568887207274
"868",0.0247354767752084
"869",-0.00171595920020717
"870",-0.00516578838884652
"871",0.0137164602265365
"872",-0.00640617181241154
"873",-0.0159796536924497
"874",-0.00480027105476477
"875",-0.0127671112817511
"876",-0.0174306089072234
"877",0.010762435721793
"878",-0.0363345591794841
"879",-0.0144424592803309
"880",-0.00234902627039713
"881",-0.00613358861191404
"882",0.00988946157171933
"883",0.0520427791518832
"884",0.00310899657729813
"885",0.00662994693743091
"886",0.00702373357097619
"887",0.0100109212552084
"888",0.0277617658151179
"889",0.00755353990090946
"890",-0.0501497836854718
"891",-0.000879507532507429
"892",0.0139800881942564
"893",-0.0214873437550924
"894",0.0309865950105843
"895",0.00343200680070588
"896",0.0110734093374489
"897",-0.0132170757991563
"898",0.00385522018957474
"899",-0.00772536064130591
"900",-0.0060501050158055
"901",0.0311524664749592
"902",0.000840025266532596
"903",0.0133446103172101
"904",0.00124202047102751
"905",-0.00414594292041093
"906",0.0286669917062876
"907",-0.0187454963085725
"908",-0.0241476767450237
"909",-0.1052200095392
"910",0
"911",0.0254230926989027
"912",0.00636940293400512
"913",0.0161947312714554
"914",-0.0085145486058531
"915",0.000449988769122722
"916",-0.0250525514046598
"917",-0.0256963922695577
"918",0.00377893712713018
"919",-0.024338972848517
"920",0.00529984377122084
"921",-0.0238279696414407
"922",-0.0163734741979722
"923",0.0134163503082285
"924",0.0127515214820315
"925",0.0250254150954561
"926",-0.0221057049921214
"927",0.002911161757845
"928",-0.00145444874124623
"929",0.000485083662915553
"930",0.030565845828384
"931",0.00889731908026992
"932",0.00650555253264429
"933",0.0156253179030807
"934",-0.00319703393575121
"935",-0.00504477095935263
"936",-0.00507034976713427
"937",0.00138540778070917
"938",-0.00648145772517905
"939",0.0256776596089372
"940",0.000905022665731448
"941",-0.0113715116037119
"942",0.000457351919366911
"943",0.00137075640904261
"944",0.00045651678491998
"945",-0.00686973161963289
"946",0.0105143825789278
"947",0.0139988290563529
"948",0.00402775232484398
"949",0.00401163907762347
"950",-0.000444983332036131
"951",0.00665347320318421
"952",0.0244553230149673
"953",-0.00475676572594352
"954",0.0124921285825823
"955",-0.00257188311504564
"956",-0.0142643444872386
"957",0.0185470491976956
"958",-0.00600087527313731
"959",0.00941384786937727
"960",0.00552139849245936
"961",-0.00893437108869932
"962",-0.00471189553052431
"963",-0.00430293244365698
"964",-0.014332492278279
"965",0.00262118973534342
"966",0.0108484465977461
"967",0.0230385194567315
"968",0.020868871743704
"969",0.00206317387118382
"970",0.00534426771151386
"971",-0.00164132169881936
"972",0.0057330214354776
"973",-0.176864850661508
"974",-0.0181957319098771
"975",-0.00997509493150739
"976",-0.0258963429885637
"977",-0.00154445329170194
"978",0.0102512940217254
"979",0
"980",-0.00255307772071856
"981",-0.0185762823648576
"982",0.0134506942533283
"983",0.00154048814907304
"984",-0.00256866304684866
"985",-0.0145080779299063
"986",0.00831605624165777
"987",-0.00518947727136343
"988",-0.00783493190068096
"989",0.0187018437770208
"990",-0.00206084570776532
"991",-0.00206499820579209
"992",0.0179262670295719
"993",0
"994",-0.00611004940299864
"995",-0.00204493931065608
"996",-0.00358892976866931
"997",0.0142787233240917
"998",-0.0101782560666526
"999",0.00357426982513731
"1000",-0.00459770901375212
"1001",0.00153481739006223
"1002",0.00662432995630891
"1003",0.0235894997649333
"1004",0.0093804686854364
"1005",-0.00492611833605583
"1006",-0.000988142372894352
"1007",0
"1008",0.0127703110711543
"1009",0.0014630580517605
"1010",0.0121096175854523
"1011",0.00862905621282151
"1012",0.0009541031258129
"1013",-0.00862064725668699
"1014",0.00431956515174825
"1015",0.0114287910648274
"1016",-0.00189578251338274
"1017",0.0061479977558565
"1018",0.000471364631464688
"1019",-0.0190300228736597
"1020",-0.0024044252988018
"1021",-0.00192771144033266
"1022",0.0210031586990853
"1023",0.0173266330067232
"1024",-0.00558665313389417
"1025",0.00093331782478856
"1026",-0.0240748463864828
"1027",0.0104563690343782
"1028",0.0150166598217836
"1029",0.0069622931504596
"1030",0.0133242951428452
"1031",0.00636940293400512
"1032",-0.00090735033448297
"1033",-0.00181740164022726
"1034",0.00227122509009359
"1035",-0.152639466033031
"1036",-0.0116959862872572
"1037",0.00586501281325136
"1038",-0.00747063259609515
"1039",-0.00483222416793927
"1040",0.00536769941500426
"1041",0.00905948109332355
"1042",-0.0138891121606672
"1043",-0.0102731371184128
"1044",-0.00217622495636594
"1045",0.015135315950801
"1046",-0.00430108213063241
"1047",0
"1048",-0.00323794139446365
"1049",0.00162036217952854
"1050",-0.00704042964886753
"1051",-0.0109290155871369
"1052",0.00109818791926575
"1053",-0.00550348114459931
"1054",-0.0110989482556851
"1055",0.00167276309780817
"1056",-0.00558666241894423
"1057",-0.0261082373637711
"1058",-0.0197451257833796
"1059",-0.00293680102228144
"1060",0.00820151077035858
"1061",0.0144804160353025
"1062",0.00344443509314774
"1063",0.00742218630200586
"1064",-0.0125931254211418
"1065",-0.00461894558961085
"1066",-0.00522194367816553
"1067",0.0144385982521689
"1068",-0.00632737209276701
"1069",-0.0104409301155659
"1070",-0.00643459352533471
"1071",0.00117290336027054
"1072",0.00933495748068935
"1073",0.0481816636765635
"1074",-0.00889388853151685
"1075",-0.0146234326933148
"1076",-0.0102507164743266
"1077",-0.00171859108469752
"1078",-0.0109543323429127
"1079",-0.00464846856798484
"1080",-0.00818712151488299
"1081",-0.0177730383957684
"1082",-0.00719853116883495
"1083",0.0190822123151464
"1084",0.000590552110739662
"1085",0.00940071525283059
"1086",0.024264621999631
"1087",-0.0190152079401327
"1088",0.00580047996398481
"1089",0.0132147279761479
"1090",0.00341880674878547
"1091",-0.00971713847693323
"1092",0.00344031312488147
"1093",0.000572303322410317
"1094",0.00456616103197138
"1095",0.0022753707847456
"1096",0.0107376558449905
"1097",-0.000562271560370586
"1098",-0.0489870901836822
"1099",-0.00295776621894106
"1100",-0.0167267345636053
"1101",0.00240667993440891
"1102",0.000600841129545948
"1103",0.000600420312244054
"1104",-0.00783366440969813
"1105",-0.0109490749857359
"1106",-0.00490497611231611
"1107",-0.0049290917748821
"1108",0.00369907931968205
"1109",0.0128402257198341
"1110",0.0204456923898215
"1111",-0.0253178095105415
"1112",-0.00796810859911412
"1113",-0.0148793817671229
"1114",-0.00125000016276067
"1115",-0.0304785496574156
"1116",-0.0136321487900575
"1117",0.000653381271202402
"1118",-0.0124878389182053
"1119",-0.00397614837963944
"1120",0.00132714020806235
"1121",-0.0160431248405755
"1122",0.0140517534556506
"1123",-0.005329792763348
"1124",0.011292049577766
"1125",0.0241447291791443
"1126",-0.00971824946892141
"1127",0.00713593686544911
"1128",-0.035530053033876
"1129",0.008005379643786
"1130",0.00530153660537946
"1131",0.0137842681388456
"1132",0.0174479385882305
"1133",0.0158884816793612
"1134",-0.0120521598387722
"1135",-0.00704453761768375
"1136",0.0216155904759403
"1137",-0.0101138662369289
"1138",-0.0198915766141878
"1139",0.0109572478804218
"1140",-0.00192492840958414
"1141",-0.00903231947083771
"1142",0.0103160166946159
"1143",-0.00966813847305525
"1144",0.0141481459660269
"1145",0.010165271776851
"1146",0.0329529350037547
"1147",0.00670523715231797
"1148",-0.0109957124961269
"1149",0.000614062001852211
"1150",-0.037527917256365
"1151",0.0201899602636826
"1152",-0.00250156478170238
"1153",-0.00880508833400029
"1154",-0.0236508307336449
"1155",0.00193861126950123
"1156",-0.0442170345608361
"1157",0.00806455983673038
"1158",-0.0692797743722937
"1159",0.00857148105014138
"1160",-0.0237506666026395
"1161",0.147992960636357
"1162",0.00438734642962579
"1163",0.00249850215862857
"1164",-0.00187330676471031
"1165",-0.00941922191649169
"1166",-0.054452854677919
"1167",0.00465271693443947
"1168",-0.00465271693443947
"1169",0.0282448989512596
"1170",0.00129449856264596
"1171",-0.0248866805794661
"1172",0.0157898017326352
"1173",0.0270460786768121
"1174",-0.00701309855587207
"1175",0.00255591193454441
"1176",0.00952690597157835
"1177",-0.0262583130074834
"1178",-0.00847186559365021
"1179",0.0385156720806155
"1180",0.0254910281823162
"1181",-0.0292765216617981
"1182",0.0169229986647839
"1183",0.0160299363389709
"1184",-0.00122399036088883
"1185",0.020606789780329
"1186",-0.00300384716693092
"1187",-0.00664059166373532
"1188",0.00121071439696196
"1189",-0.042638585942719
"1190",-0.032726693502557
"1191",0.0181000416436179
"1192",0.0240517923185224
"1193",0.00499065290355816
"1194",-0.0144157933631415
"1195",0.000631113937009875
"1196",-0.0223294763980886
"1197",-0.0202027073175195
"1198",0.0253507238349209
"1199",0.0365510126503472
"1200",0.0358592051781259
"1201",-0.00538762153237871
"1202",0.0254828603888027
"1203",-0.00586856144365866
"1204",0.0151872077935282
"1205",0.00980682794698806
"1206",0.00743492150745917
"1207",-0.0218902180224321
"1208",0.0196084713883766
"1209",-0.0201910522379443
"1210",0.00174678350829627
"1211",0.0109921847317325
"1212",0.00916398165673282
"1213",0.0045506333051426
"1214",-0.000567697967690073
"1215",0.0460552930643505
"1216",0.00648640112036158
"1217",-0.00161757921493511
"1218",-0.0520605355143409
"1219",0.0146729494761817
"1220",0.0183185805236845
"1221",-0.00828499607099165
"1222",-0.0011099334904765
"1223",0.0165201448835886
"1224",-0.0389803247774227
"1225",0.0552321450946787
"1226",0.0217919327285352
"1227",-0.00421491656100326
"1228",0.00945881936826787
"1229",-0.0168781432800964
"1230",-0.0171677504308745
"1231",-0.00325203538637719
"1232",-0.0230652729309964
"1233",-0.00445435034938013
"1234",-0.0288726537666868
"1235",0.00515612714937097
"1236",0.0287262782583961
"1237",-0.0184931019783674
"1238",0.0528756983998777
"1239",-0.00322402222368279
"1240",-0.00161599824060543
"1241",0.0128551315000833
"1242",-0.00319835018917303
"1243",0.0137860083681973
"1244",-0.02236514945958
"1245",0.0165557323866374
"1246",-0.0187120134874443
"1247",-0.00324335419451183
"1248",-0.0268877110258212
"1249",0.0033315410233743
"1250",-0.0055586576948401
"1251",-0.0140333476712038
"1252",0.0398944305441815
"1253",-0.026976587698202
"1254",0.0116505620627758
"1255",0.0185797704597355
"1256",0.00593799331639655
"1257",-0.0228643602125449
"1258",0.00494370685535328
"1259",-0.00935872506447044
"1260",0.0299667759726003
"1261",0.0191393938875639
"1262",-0.00369296120046192
"1263",-0.00370664972971246
"1264",0.00634581733808881
"1265",-0.00740738856304768
"1266",0.0126650769432666
"1267",0.00418629601432707
"1268",-0.00471086986649727
"1269",0.0130311988936254
"1270",0.0118406531379254
"1271",0.0127131123533357
"1272",0.00654744201140822
"1273",-0.00452830962474771
"1274",-0.000504413629862643
"1275",0.000504413629862643
"1276",0
"1277",-0.013709329049779
"1278",0
"1279",0.00459072483334477
"1280",0.00760454888016726
"1281",0
"1282",0.0145402916314055
"1283",0.00496530302737197
"1284",0.000495172057893178
"1285",0.0113217549174225
"1286",-0.0212721352755398
"1287",-0.00501254182354405
"1288",0.00651146787239121
"1289",0.0019949632054086
"1290",-0.00800404473214167
"1291",0.0139653637781101
"1292",0.00494072126886946
"1293",0.00344403767514967
"1294",-0.0118578458649079
"1295",0.00545225624632772
"1296",-0.00445881354167188
"1297",0.00148851432813846
"1298",0.00148630194598764
"1299",-0.0159685029854923
"1300",0
"1301",-0.00605445860689402
"1302",-0.00813012608325003
"1303",-0.0061412680220827
"1304",-0.00359990103347041
"1305",0.0138144944431886
"1306",0.00607899557133029
"1307",0.00151405533626692
"1308",0.0194762216046356
"1309",-0.000989510224231882
"1310",-0.0144605358360033
"1311",0.00600908152673307
"1312",0.00547663803514409
"1313",0.0211258660268836
"1314",-0.00340881752050315
"1315",-0.00587090741749829
"1316",0.00733330101318286
"1317",0.0149869371451192
"1318",0.00335329655537597
"1319",0.00809721023261911
"1320",-0.00237468640743677
"1321",0.00568986822656203
"1322",0.00188951397999171
"1323",-0.0176153562854555
"1324",-0.0223418223885887
"1325",-0.00690007666189407
"1326",-0.0129419433532236
"1327",-0.0207549855026383
"1328",0.0237565386065963
"1329",0.00199595879626502
"1330",-0.01052372555014
"1331",-0.00606368709867544
"1332",0.0175839747890043
"1333",-0.000996562140188839
"1334",-0.00750561460723453
"1335",0
"1336",-0.0116192264519976
"1337",-0.0132994287609285
"1338",0.00359805065629049
"1339",0.00562805271700251
"1340",0.0192022069839357
"1341",0.00896866998276025
"1342",-0.00896866998276025
"1343",-0.00703167136368066
"1344",-0.0060668033921778
"1345",-0.0308983385400401
"1346",-0.00209429390436844
"1347",-0.0195825791814981
"1348",0.00373444018960933
"1349",-0.110818639096129
"1350",-0.0180076300000862
"1351",0.0120410248308596
"1352",-0.0102255327078606
"1353",0.00902804753482389
"1354",-0.00842375618975
"1355",-0.00484555792701613
"1356",0.0120702132896096
"1357",0.00359281823602986
"1358",-0.00239371740887329
"1359",-0.0181384658469357
"1360",-0.00366742476054993
"1361",0.0157961972199794
"1362",-0.0121287724594294
"1363",-0.00366742476054993
"1364",-0.0229183149607111
"1365",0.00935466724046474
"1366",0.000620539851092339
"1367",0.0347489984766396
"1368",-0.00661264788271065
"1369",0.00900636529158394
"1370",-0.015055990517407
"1371",0.0186360061673834
"1372",-0.00777289391001235
"1373",0.0154857174393808
"1374",0.0105821093305369
"1375",0.00233639131796037
"1376",0.00233106172953468
"1377",0.0190262297416512
"1378",-0.0336849501527166
"1379",0.0117440578138668
"1380",-0.0111535057031271
"1381",-0.0071090937109819
"1382",-0.00536513954606921
"1383",-0.015055990517407
"1384",0.0410161504280584
"1385",-0.00525548654896024
"1386",0.00408998525152482
"1387",-0.0123204253561648
"1388",-0.0100861724206665
"1389",-0.00718135940866471
"1390",-0.0145193113244533
"1391",-0.00182988772713877
"1392",-0.0247230770367319
"1393",0.0204404149827138
"1394",-0.007384525864778
"1395",0.00246755207043536
"1396",0.0285473977764474
"1397",-0.00119838237234671
"1398",-0.0193710046313069
"1399",-0.0178852125498725
"1400",-0.0609358089980341
"1401",0.0196469973837963
"1402",-0.00259740405768527
"1403",0.019955602667443
"1404",0.0114069677933766
"1405",0.00502829469253596
"1406",0.00187911110727512
"1407",-0.0151326973488715
"1408",0.0380226543540054
"1409",0.0205819002465968
"1410",0.0266050572367154
"1411",0.00116623923324166
"1412",0.0309836020171406
"1413",-0.00908065212037901
"1414",-0.011468072604182
"1415",-0.00985229644301189
"1416",0.0104288314834844
"1417",0.0918985507243759
"1418",0.00210078864291319
"1419",-0.00631570520391644
"1420",0.0115486319864733
"1421",0.00312657897029434
"1422",-0.00469362033476362
"1423",0.00365259993882283
"1424",0.00829880238425451
"1425",-0.00725778198831373
"1426",-0.00104102039594078
"1427",-0.0157484090514712
"1428",0.00947874395454384
"1429",-0.00420168685370026
"1430",-0.00527705710084359
"1431",0.0429783979689273
"1432",-0.00865370655259845
"1433",-0.0211838978552708
"1434",-0.0057606337424283
"1435",0.00209858413591402
"1436",0.0145684674811819
"1437",0.00669238001814687
"1438",-0.0170767409767549
"1439",-0.00575772346344428
"1440",0.00366791084523888
"1441",-0.000523149343704787
"1442",-0.0110498885152075
"1443",-0.00477333191587004
"1444",-0.00747063259609515
"1445",-0.00483222416793927
"1446",0.0117710832587203
"1447",0.0158315184081719
"1448",-0.00314625316835793
"1449",-0.00896866950959829
"1450",0.00317455284660317
"1451",-0.00158604315563471
"1452",-0.0021185918380171
"1453",0.0021185918380171
"1454",-0.00530510542118412
"1455",-0.0264095125729593
"1456",-0.00273442890463071
"1457",0.00818112007816385
"1458",0.00757573990010041
"1459",0.0160431787489332
"1460",-0.00745482705537759
"1461",-0.00535896244993328
"1462",-0.0311075543218604
"1463",0.00828047743844174
"1464",-0.00994488831742579
"1465",-0.0356070968880196
"1466",-0.0104106203409047
"1467",0.00521891557315701
"1468",-0.00813018392014886
"1469",0.020773972685812
"1470",-0.00917963990489223
"1471",0.00287769982761477
"1472",0.00458716400690617
"1473",-0.0155668181096953
"1474",-0.0223275439149795
"1475",-0.000594353657912716
"1476",0.0023753573408869
"1477",-0.000593355087318059
"1478",0.046951538377443
"1479",0.0157307171961949
"1480",0.00278313559043308
"1481",0.0170849572401233
"1482",0.00218346162575367
"1483",0.0076045993852194
"1484",0.0192932029346791
"1485",0.0116095766119404
"1486",-0.00526040167589903
"1487",-0.00688010141519735
"1488",0.0095138138312767
"1489",-0.00527427382997159
"1490",0.0063258511862978
"1491",0.00732982320088915
"1492",0.00208436766668996
"1493",0.0139573734901459
"1494",-0.00721280818924086
"1495",0.0230013201198958
"1496",-0.000505433394362154
"1497",-0.00253105671615783
"1498",0.000506713970811479
"1499",0.00606067496415719
"1500",0.012509544541571
"1501",0.0133367252158005
"1502",-0.00541201826295579
"1503",-0.00148111604464374
"1504",-0.0139306236361483
"1505",-0.00653427825141195
"1506",0.00452830962474771
"1507",-0.0136469138411819
"1508",-0.0102302168369346
"1509",0.0102302168369346
"1510",0.0345120523051436
"1511",0.00539354076815091
"1512",0.00146586878274224
"1513",-0.00932059704822263
"1514",0.000985123232378537
"1515",-0.00049248956880632
"1516",0.00687297747252469
"1517",0.00195498591212573
"1518",0.0236439970553484
"1519",0.000476805741495667
"1520",0.00238043429757351
"1521",-0.00381134316488208
"1522",0.00333567134796242
"1523",-0.00716159644402836
"1524",-0.0120512419193588
"1525",0.0192128383633872
"1526",0.00616554004348169
"1527",-0.00426444626983935
"1528",-0.0133844254281716
"1529",-0.00967130338837219
"1530",-0.000486026741037815
"1531",0.0125605516080149
"1532",-0.000480192086057762
"1533",0.0124106604863385
"1534",0.00520469579911698
"1535",-0.00425637899025766
"1536",0.00283956650807804
"1537",0.00518502222204686
"1538",-0.0142048319854902
"1539",0.00807413591174511
"1540",-0.00712079930585885
"1541",0
"1542",0.0221445567716869
"1543",-0.0164437813730864
"1544",-0.0167188509334544
"1545",0.00672110067307718
"1546",-0.0115496952792724
"1547",-0.00242302026899033
"1548",0.0134940842761768
"1549",-0.00143703018741537
"1550",-0.0014392422383831
"1551",-0.00433005247149953
"1552",0.0228798832591015
"1553",0.0232893629647353
"1554",0.00367647489826473
"1555",0.00137524663836963
"1556",0.00228776128808805
"1557",-0.00826062522057835
"1558",-0.00554534679937335
"1559",0.000463284696727406
"1560",0.0156253179030807
"1561",-0.0119267468815289
"1562",-0.00694608025468435
"1563",0.00694608025468435
"1564",-0.0390545986631015
"1565",-0.00432797020845888
"1566",0.00480770156810317
"1567",0
"1568",-0.000959692971929993
"1569",0.00335490369788438
"1570",-0.00335490369788438
"1571",0.018549830787602
"1572",-0.000942857212705484
"1573",-0.00757579344975223
"1574",-0.0206489919755226
"1575",-0.00194273975763659
"1576",0.0192590935617898
"1577",0.0235637680874148
"1578",0.010194805628907
"1579",-0.00693965278948028
"1580",-0.0230112055310459
"1581",0.00521209436764769
"1582",-0.0253663283800369
"1583",-0.00242654820415833
"1584",-0.00584801875827967
"1585",0.0063338093920744
"1586",0.0154219924008441
"1587",-0.0251829778978285
"1588",0.0121863566210347
"1589",0.00145248152992838
"1590",0.0148862292744742
"1591",-0.00286396377142895
"1592",-0.026151660469858
"1593",0.0170279477208242
"1594",0.00481232882519222
"1595",-0.000960662921158928
"1596",-0.0208796136248575
"1597",0.0165453904018689
"1598",0.00529488614414753
"1599",0.0128787852091401
"1600",0.0080245887301249
"1601",0
"1602",-0.00282490778312772
"1603",0.118987198050181
"1604",0.0145442417219144
"1605",-0.0120357955905366
"1606",0.00250204462258496
"1607",-0.0283017833747521
"1608",0.00725723569356829
"1609",0.000850382686229612
"1610",0.0151836742409914
"1611",0.0095814938391543
"1612",0.0103114953528185
"1613",-0.0103114953528185
"1614",0.0107216697175438
"1615",-0.000820599143299017
"1616",-0.00164342679463214
"1617",0.00941275640936512
"1618",-0.00244694254325495
"1619",-0.00532238707147803
"1620",-0.0119762320976178
"1621",-0.00332917494337748
"1622",0.0148947726769957
"1623",-0.010735032901819
"1624",0.0250064674929806
"1625",0.0048464956567007
"1626",-0.00565658073927411
"1627",-0.00977202381726316
"1628",0.00163528242420163
"1629",-0.0173057886603534
"1630",-0.00208025875061013
"1631",0.0157027609942562
"1632",0.00979200030413452
"1633",-0.0118440839721714
"1634",0
"1635",-0.000822030461415046
"1636",0.0110407991301349
"1637",-0.000813669695013175
"1638",0.00243898499846473
"1639",0.0212902603006873
"1640",0.0098873654998326
"1641",0.0179412375206769
"1642",0.00270218258604871
"1643",-0.000385617888225109
"1644",-0.00852061716814712
"1645",0.000388878106743373
"1646",0.00542855152430155
"1647",-0.00154802659497433
"1648",-0.00388052492932722
"1649",-0.00624027010346673
"1650",0.00117305978599491
"1651",-0.00352319800731715
"1652",0
"1653",-0.00668898815079633
"1654",0.0133335308694651
"1655",-0.00312134471135161
"1656",0.0116551049667963
"1657",0.0115209415636381
"1658",0.00457136034170702
"1659",-0.00380807786190118
"1660",-0.00343963648886891
"1661",0.00534552618158113
"1662",-0.00802913906299096
"1663",0.0110709665034761
"1664",-0.000759589858018828
"1665",0.0022770029245458
"1666",-0.0747496517375366
"1667",-0.00861543790561559
"1668",0
"1669",0.00205803735945631
"1670",-0.0103328053029856
"1671",-0.00249584156181859
"1672",-0.00626695165224467
"1673",-0.00125816747026652
"1674",-0.0147962961507551
"1675",-0.00127845742368526
"1676",0
"1677",-0.00598812738858845
"1678",0.00726658481227371
"1679",0.0122752864122067
"1680",-0.00337122098950537
"1681",-0.00592728238301632
"1682",0.0155891510828505
"1683",0.00998344398418283
"1684",0.00906470996928332
"1685",-0.00369829885261153
"1686",0.00123427291468037
"1687",0.00246402593793116
"1688",-0.000410174364725346
"1689",0.0174907041771828
"1690",-0.0076907078115025
"1691",-0.00407170749683106
"1692",-0.00984017780151136
"1693",-0.0053708454941459
"1694",0.0119417110252851
"1695",-0.0273876038975467
"1696",-0.0186841953387638
"1697",0.00427716648636567
"1698",-0.00814232053599406
"1699",0.00343642949858136
"1700",-0.013382457435017
"1701",0.000434499246461773
"1702",-0.00566331301646184
"1703",-0.0109818811119049
"1704",-0.00620289995499546
"1705",0.0224135948369004
"1706",0.0116657617712881
"1707",0.00257396103984719
"1708",-0.00687878894680427
"1709",-0.00779562198245598
"1710",-0.00961121401195841
"1711",0.00787052598016658
"1712",-0.00130743102754494
"1713",-0.0122862449407699
"1714",-0.017368506081644
"1715",0.00492947435736513
"1716",0.00401508458193467
"1717",0.00399911681608955
"1718",0.0123404389389159
"1719",-0.00527014845770379
"1720",-0.00662692978038448
"1721",0.000443208525828354
"1722",0.000442967892071433
"1723",0.0214685134641464
"1724",0.0090615936329006
"1725",-0.00732919826096312
"1726",0.0171603949943786
"1727",-0.00255532501576772
"1728",0.0118695329114615
"1729",0.0113137599002737
"1730",-0.116065714222319
"1731",0.00792360202787012
"1732",-0.0116741922777015
"1733",0.00608753914380733
"1734",-0.00890978930443787
"1735",0.0112412895989054
"1736",-0.000465874709841607
"1737",-0.00889306139208301
"1738",-0.00282490778312772
"1739",0.00282490778312772
"1740",-0.000940733841719776
"1741",-0.00755790087974262
"1742",0.00802837842311854
"1743",-0.000470477543375925
"1744",-0.0161293819298836
"1745",0.0175401980253813
"1746",-0.00282362540544101
"1747",-0.000471364631464688
"1748",-0.0156810063073012
"1749",-0.0178791430374274
"1750",-0.0132517276650246
"1751",0.0215062052209638
"1752",0.0115385895564937
"1753",0.0038167985267008
"1754",0.00332779009267448
"1755",0.00284355648579027
"1756",0.0206096760991774
"1757",0.00554791054191206
"1758",0.00505855298050539
"1759",0.0100412073710512
"1760",0.0103908773177155
"1761",0.00805733991986779
"1762",-0.019356895173801
"1763",-0.000909504382840876
"1764",0.00136394656289518
"1765",0.0135380680831205
"1766",-0.000896771360547
"1767",-0.00901317482891795
"1768",0.00586772177495654
"1769",-0.00135095719713618
"1770",0.00986550580298928
"1771",0.0163757141043557
"1772",0
"1773",-0.00175751359480136
"1774",0.00394997221931437
"1775",0.000437924246105226
"1776",-0.0123350024841935
"1777",-0.016086048380338
"1778",-0.00904988056496192
"1779",-0.0114286958236232
"1780",-0.00460830308619409
"1781",0.0151274945269764
"1782",-0.00318979536810016
"1783",-0.0165673834613318
"1784",0.0115341537774394
"1785",0.00822302505199257
"1786",0.022937816995749
"1787",0.00797169854821345
"1788",0.00703299602226659
"1789",-0.00527014845770379
"1790",0.00614580525621333
"1791",-0.0257106360709374
"1792",0.0129379010343396
"1793",-0.0066710944907804
"1794",-0.00581782787044993
"1795",0.000897173680637131
"1796",-0.00765252474759359
"1797",-0.000451887013339647
"1798",-0.0127390709853854
"1799",0.00411241155309261
"1800",-0.000456100349981892
"1801",-0.00548953815633224
"1802",-0.0106064635224175
"1803",0.0115235200038595
"1804",0.0022889000084878
"1805",-0.0022889000084878
"1806",-0.00413318613658653
"1807",-0.00184242332536089
"1808",-0.0036951541493111
"1809",0.00967076361125851
"1810",-0.0138442451113412
"1811",-0.00793099561894994
"1812",0.00746620360500527
"1813",0.00556325045324257
"1814",0
"1815",0.00920397682897089
"1816",-0.00874176279429362
"1817",-0.00323994736649347
"1818",0.0350753332399893
"1819",-0.000895656127944289
"1820",-0.0135320062185764
"1821",0.0139799345575327
"1822",0.00402235179194754
"1823",0.0298791998837338
"1824",-0.00477327875265754
"1825",0.00434028459131364
"1826",-0.0165943112824034
"1827",0.00614580525621333
"1828",0.00393103795298888
"1829",0.00781593176356798
"1830",-0.0205382351277277
"1831",-0.00842394714234418
"1832",0.017215212553515
"1833",0.00174897293706078
"1834",0.00609766697694214
"1835",0.0077854199472509
"1836",0.00815284516218817
"1837",0.00511510066677046
"1838",-0.000850701880312776
"1839",-0.00726033511677482
"1840",-0.014245870104189
"1841",0.000869187364586743
"1842",0.00606324941105818
"1843",-0.00216118514719499
"1844",-0.00433656351032496
"1845",-0.00304674875407196
"1846",0.000871372604155152
"1847",-0.0105079780584925
"1848",0.00658050192122772
"1849",0.00653735153364332
"1850",0
"1851",0.00735779109573809
"1852",-0.014332492278279
"1853",-0.00218970965532073
"1854",0.0583268527307719
"1855",0.00782706348452544
"1856",-0.000821059142573244
"1857",-0.00949043621024526
"1858",0.014815044325772
"1859",-0.00409337460822812
"1860",0.0057260280321132
"1861",0.00771886846306158
"1862",0.00444180024538898
"1863",-0.00565658073927411
"1864",-0.00243403766349637
"1865",0.00647775518242977
"1866",-0.0040437175189334
"1867",-0.00732008148650554
"1868",0.00813016656907894
"1869",0.00524931540031481
"1870",-0.00120898667172042
"1871",0.00803221201984572
"1872",0.00159876129979875
"1873",-0.0152920884318011
"1874",0.00162078638356222
"1875",-0.00690638508295471
"1876",-0.00122378148612423
"1877",0.00529205398087118
"1878",0.00324280799951948
"1879",0.0048446199890031
"1880",-0.00524931540031481
"1881",-0.00690638508295471
"1882",0.00771569309960896
"1883",-0.00283569164771569
"1884",0.00202638363106145
"1885",0.00605446842287716
"1886",0.00921296322208232
"1887",-0.00199557036898046
"1888",0.00637198466707156
"1889",0.00158663259015546
"1890",-0.00636185048276428
"1891",0.0146508656098945
"1892",0
"1893",0.00313968069649251
"1894",-0.00313968069649251
"1895",0.0090002171029524
"1896",0.0120040163594042
"1897",-0.0135635098832516
"1898",0.0108654932148169
"1899",-0.00231839361958031
"1900",0.00386104719310421
"1901",-0.0104591693257818
"1902",0.00582412828598855
"1903",0.00540538006093882
"1904",-0.00192711568461412
"1905",-0.00813488910164795
"1906",-0.00311648102322426
"1907",-0.0157297387062352
"1908",-0.00915793778476592
"1909",0.00677698427902396
"1910",-0.00797774490360093
"1911",-0.0016031667081573
"1912",-0.00281177122764076
"1913",0.00681501908791393
"1914",0.00795861725722702
"1915",-0.00317586610721854
"1916",0.00198613765416855
"1917",-0.0265395541673557
"1918",-0.00449259476291175
"1919",0.00815328626190359
"1920",0.0004059265493499
"1921",0.00283688145016958
"1922",0.00725809667165001
"1923",-0.00968917571402317
"1924",0.00202638363106145
"1925",0.0044434732776204
"1926",-0.000403144549026013
"1927",0.00201413969428277
"1928",0.00561799230422322
"1929",-0.00441151716880883
"1930",0.00641035848994731
"1931",-0.00520525689391027
"1932",0.00360649559411153
"1933",-0.00200196259051344
"1934",-0.00361373596986159
"1935",0.00281177122764076
"1936",0.00997813108073498
"1937",-0.000794596783961321
"1938",-0.00398252226854812
"1939",0.00636438132201045
"1940",-0.000396589352673615
"1941",0.000396589352673615
"1942",-0.000793256685785781
"1943",-0.00916896995629291
"1944",-0.0108717801238631
"1945",0.0112722205776712
"1946",-0.0177710246648708
"1947",0.0185713448356397
"1948",0.00478855654071353
"1949",0.00198842773831043
"1950",-0.00557766375148505
"1951",0.00119776416795236
"1952",0.00992662548326484
"1953",-0.0119237901574287
"1954",-0.0149046468086254
"1955",0.000811399655295642
"1956",-0.0192431317748669
"1957",-0.0357707391029214
"1958",-0.017722529988597
"1959",0.0056533746059646
"1960",-0.00434594357841966
"1961",-0.00611618346342846
"1962",0.0186677875994361
"1963",-0.0138590351635526
"1964",0.0249797656821653
"1965",-0.0106907154614597
"1966",0.0132395698575212
"1967",0.00887021636674001
"1968",-0.000841438820335494
"1969",0.0129627573005364
"1970",0.00124558870162872
"1971",-0.000830220055989095
"1972",0.0160662161475922
"1973",0.00448526754967649
"1974",0.0121311235401631
"1975",0.0107936688676959
"1976",0.00436422037659723
"1977",0.00276734709123883
"1978",-0.00713156746783605
"1979",0
"1980",-0.0015916835514842
"1981",0.0224462658274969
"1982",0.0246166276353557
"1983",0.00568287200327555
"1984",0.00489923732726183
"1985",-0.000376010532725068
"1986",0.00823970969342369
"1987",0.00260756350421509
"1988",0.00556491883171839
"1989",0.00920647234786642
"1990",0.00548343531735984
"1991",0.0076266577705062
"1992",-0.00181057449082367
"1993",0.00830179826610244
"1994",0.00466204888398591
"1995",-0.0064609340605748
"1996",-0.00977029664618234
"1997",-0.00986669798685735
"1998",0.00695336744849984
"1999",-0.0202622142905429
"2000",0.00445596718628805
"2001",-0.00482819870474049
"2002",-0.00672400727775013
"2003",-0.00337901579249422
"2004",0.00823970969342369
"2005",0.0308508130199914
"2006",0.00433057335036446
"2007",0.0160746096700981
"2008",0.0010625466036438
"2009",0.0017683117210523
"2010",0.00176526086025897
"2011",0.00387252735090993
"2012",-0.00351982059981415
"2013",-0.0192245504295601
"2014",-0.00757712433447333
"2015",-0.0201214763730975
"2016",-0.000369617463813032
"2017",0.00919969723696346
"2018",0.00766290937560665
"2019",0.0101267048020954
"2020",0.00931231657950216
"2021",0.00178098002161908
"2022",-0.00642629844552811
"2023",-0.0184353675794773
"2024",0.00980222043477408
"2025",0.0139912596243223
"2026",-0.0082275549075721
"2027",0.023430251808386
"2028",-0.0102275977091231
"2029",-0.00854401810420624
"2030",-0.0390061848534824
"2031",-0.00335137165944088
"2032",0.0151770455372744
"2033",-0.0317249221985514
"2034",0.0172936261504573
"2035",0.0107508355078179
"2036",-0.0159824990617023
"2037",0.0211314253847386
"2038",-0.00073394498707513
"2039",-0.00441498133596108
"2040",0.013550802231804
"2041",-0.0205813953536471
"2042",0.0897924702666448
"2043",-0.00101881484477095
"2044",-0.00408584164062908
"2045",0.00612250222243249
"2046",-0.00612250222243249
"2047",0.0101834552811213
"2048",0.000675151950021657
"2049",0
"2050",-0.00473610500871047
"2051",0.0141416498146723
"2052",-0.0134636836870086
"2053",0.0227815878874496
"2054",-0.0217654658866611
"2055",-0.00713442796627728
"2056",-0.0010234010960315
"2057",-0.0127083629052844
"2058",0.0147541188182161
"2059",-0.0241308154062341
"2060",-0.0140550451436443
"2061",-0.00070796463133993
"2062",-0.0106800230052455
"2063",0.0128023796937065
"2064",-0.00531441472780303
"2065",0
"2066",0.00390002267068201
"2067",0.00634926284040205
"2068",-0.00105544423068693
"2069",-0.0145366856908926
"2070",-0.0194741462519854
"2071",-0.0135657078262148
"2072",0.00147543371427128
"2073",0.0189856381570688
"2074",-0.00434937248981804
"2075",-0.0102228343692725
"2076",-0.00441343129797822
"2077",0.00331187067435179
"2078",0.00622598627968429
"2079",0.00582455253597125
"2080",0.00289960344149787
"2081",0.0147299950869466
"2082",-0.00214212859239149
"2083",-0.00609433694975081
"2084",0.0156978253048656
"2085",0.0123132602333569
"2086",-0.0240634399316351
"2087",0.019858808649603
"2088",0.00734657830484808
"2089",-0.00244285577971759
"2090",0.00209420666251425
"2091",0.00486957483995631
"2092",0.00242588929271426
"2093",0.0147743971543606
"2094",-0.00925142814393887
"2095",-0.00760193722420111
"2096",0.0103520249921614
"2097",0.00137224723715779
"2098",-0.00964530401553976
"2099",0.00276529739870091
"2100",-0.00553826287652459
"2101",0.014473064736888
"2102",-0.000684496958356373
"2103",0.000684496958356373
"2104",0.00409696715095098
"2105",-0.0102740973995936
"2106",0.0170652611366471
"2107",0.00708149995373208
"2108",-0.00067226893288197
"2109",-0.00404309843138462
"2110",-0.00643528035524321
"2111",-0.00579316665340279
"2112",-0.0106511570306602
"2113",0.0123584820434339
"2114",0.00136382566935334
"2115",-0.00136382566935334
"2116",-0.00444517751011242
"2117",-0.00343289042932104
"2118",0.00034381984179177
"2119",-0.0166381304922782
"2120",-0.00104916951311074
"2121",-0.0105522961126714
"2122",-0.0014154637640087
"2123",0.0147630097749842
"2124",0.00695416559573347
"2125",-0.0111499409085267
"2126",-0.00210456054345753
"2127",0.00804337275812772
"2128",0.00763365968614105
"2129",0.00963196317675452
"2130",-0.00618126968113675
"2131",-0.0031050567260742
"2132",-0.00519661639922031
"2133",-0.00977323643378636
"2134",-0.00386575775742015
"2135",-0.00423426877811028
"2136",-0.0265153467777215
"2137",-0.00290916568811017
"2138",-0.00401383505522812
"2139",-0.000731528928013869
"2140",-0.00403303945434974
"2141",0.0051301688184302
"2142",-0.0136157022741434
"2143",-0.00296846229109882
"2144",0.0136559048933376
"2145",0.0185224101064265
"2146",0.00859912111417893
"2147",0.00285001964021081
"2148",0.0074428483325506
"2149",-0.00495576235498474
"2150",-0.00533710561777667
"2151",-0.00680156538653875
"2152",-0.0111974799876933
"2153",0.0172852337934915
"2154",0.0138275558951433
"2155",-0.00671265560167855
"2156",0
"2157",0.00671265560167855
"2158",-0.00352737585365803
"2159",0.00423135335545233
"2160",-0.00211338574409758
"2161",-0.0117043360720994
"2162",0.00852577085274131
"2163",-0.00212468214001715
"2164",-0.00212913497978251
"2165",0.0155096517485211
"2166",-0.0201384654253594
"2167",-0.00429185208154115
"2168",0.0282704687814603
"2169",0.0114326548748811
"2170",-0.00691330083335062
"2171",-0.0203230540578607
"2172",-0.0160574728670824
"2173",-0.0277186965683565
"2174",-0.0213053096966194
"2175",-0.0495648483975808
"2176",-0.0228879686891204
"2177",0.0421533174480699
"2178",0.0189012377202937
"2179",-0.00651717852057221
"2180",-0.00462610702865929
"2181",-0.0298060495839088
"2182",0.0208791902078644
"2183",0.00969939708871337
"2184",-0.0147805102289027
"2185",0.0301064426843154
"2186",-0.0137826837221064
"2187",0.0122606514358519
"2188",-0.00918139579029065
"2189",-0.0123744422726801
"2190",0.0108359804307741
"2191",0.0034582167029571
"2192",-0.00731479695258752
"2193",-0.0132245412341625
"2194",0
"2195",-0.015785726373807
"2196",0.00555344545076464
"2197",0.00512918849645461
"2198",0.0241069600916117
"2199",-0.0143163982361938
"2200",-0.000779766136581816
"2201",0.0235123959867241
"2202",-0.02000836274398
"2203",0.00116527494250018
"2204",0.0414429197187207
"2205",0.0140534857307948
"2206",0.0113202229256602
"2207",0.0133455179369024
"2208",0
"2209",0.00178983405199862
"2210",-0.00394191522693665
"2211",-0.00107777987799595
"2212",0.0117921680904023
"2213",0.00354610300675073
"2214",0
"2215",0.00881062968215485
"2216",-0.0077492108855548
"2217",0.0254857217442628
"2218",0.0116519481407926
"2219",-0.0137223077127873
"2220",0.00344821031319364
"2221",0.0106147889317478
"2222",-0.00752147135629144
"2223",-0.0100017734958597
"2224",-0.00277681539065178
"2225",-0.00557683554862454
"2226",-0.00490547584957923
"2227",-0.00140594050234455
"2228",0.000703270058815875
"2229",-0.00953568925118997
"2230",-0.00712253723319911
"2231",-0.0057347827420382
"2232",0.000359389042502212
"2233",-0.0599735963558614
"2234",0.0218877417019399
"2235",0.000746194064474626
"2236",0.0114965849969981
"2237",0.00917605964359014
"2238",0.00728066544676498
"2239",-0.0050909200861935
"2240",-0.00585010809201503
"2241",-0.00110071557618552
"2242",0.00293255342127763
"2243",-0.00256551359333601
"2244",0.0116747039264524
"2245",-0.00472638573487316
"2246",-0.0180185048400756
"2247",0.0194751328933918
"2248",0.000363834823005948
"2249",-0.0124452557972101
"2250",-0.0155905162291168
"2251",0.00149532738143376
"2252",-0.0230503309432635
"2253",0.0125357766949805
"2254",0.0134985176708953
"2255",0.0144206603264379
"2256",-0.0192741700380168
"2257",-0.0169847075458462
"2258",0.0139862044372019
"2259",0.00934062495757626
"2260",0.018788580301798
"2261",-0.000730230056731784
"2262",-0.00255988446830369
"2263",0.016703402449719
"2264",-0.0086799458401825
"2265",-0.0135310527880304
"2266",-0.0280025763814544
"2267",-0.0045540495299754
"2268",-0.0107075973185053
"2269",-0.0233382821284875
"2270",-0.0251058807759521
"2271",0.0195810048439822
"2272",0.00316080863708956
"2273",-0.0300322870988752
"2274",0.00243605479788123
"2275",-0.0430886446299805
"2276",0.00969036422813252
"2277",-0.0406473067741562
"2278",0
"2279",0.0203162807804733
"2280",-0.0085948528963824
"2281",0.0234601935267227
"2282",-0.0123012794513033
"2283",-0.0137517849621047
"2284",0.0289998987917341
"2285",-0.013116371389438
"2286",-0.0280735344181915
"2287",0.0117571569860435
"2288",0.0188685267852655
"2289",-0.0280010540357387
"2290",0.00174600659253832
"2291",-0.0122862449407699
"2292",-0.00620019701040198
"2293",0.092033544118546
"2294",0.0172730139570767
"2295",0.0286574659201375
"2296",0.0237104419795129
"2297",-0.0011343922777165
"2298",0.00452998140696614
"2299",0.00300865225104285
"2300",-0.0193370195811378
"2301",0.00762776376404739
"2302",0.0105821093305374
"2303",-0.00716848947861282
"2304",-0.00874696582728696
"2305",0.0245249039557787
"2306",0.00260562217026061
"2307",-0.00111582676416777
"2308",-0.00260860964024801
"2309",0.0126067673573611
"2310",-0.00332164923682532
"2311",0.0204910938369105
"2312",-0.00836527882353089
"2313",0.0173792209081207
"2314",-0.0057595549510383
"2315",-0.00144512305776301
"2316",0.00792222378770457
"2317",0.011057790575276
"2318",0.00495397324283253
"2319",-0.00495397324283253
"2320",0.0031875357894573
"2321",-0.0160403008512509
"2322",0.0046603060624304
"2323",-0.00214819277290967
"2324",0.00714288751238001
"2325",0.0127299811849713
"2326",0.000351308640581749
"2327",0.00769779868336995
"2328",-0.0193566486989831
"2329",-0.0201011437844842
"2330",0.0151136378100483
"2331",-0.0143887374520992
"2332",0.00325560057388596
"2333",-0.00253118911019712
"2334",0.000723778533224806
"2335",0.0211212795453797
"2336",0.00070821532705212
"2337",-0.0124667687651301
"2338",0.0103406517722728
"2339",0.00495397324283253
"2340",0.00387532625435805
"2341",-0.00705722747174198
"2342",-0.00319205803934208
"2343",0.00283788767969861
"2344",0.00776295345632638
"2345",0.00665611145451894
"2346",-0.0240294255760136
"2347",-0.0169525794230752
"2348",-0.00437474258821391
"2349",-0.0188093312637676
"2350",-0.0157601755202057
"2351",-0.00873707362302945
"2352",0.0121352266608872
"2353",-0.000754185541890884
"2354",0.0194253769833517
"2355",-0.0122837944248992
"2356",-0.00112426466546367
"2357",-0.00526313235109788
"2358",0.016448894230578
"2359",-0.0119359494615496
"2360",0.0026231606314413
"2361",0.0313159137924108
"2362",0.01440424642557
"2363",-0.00107308184147969
"2364",0.0187914765454571
"2365",0.0156825311253108
"2366",-0.000691802172177347
"2367",0.000691802172177347
"2368",0.00448505158394807
"2369",-0.00517685375612542
"2370",0.00620905754693224
"2371",0.00171788397715344
"2372",-0.00103036246502519
"2373",-0.00103145960666229
"2374",0.00240505187918361
"2375",0
"2376",-0.00378195396630687
"2377",-0.00656650006691306
"2378",0.00415222057038012
"2379",-0.0107620898263798
"2380",0.00764958515212699
"2381",0.00276721024844262
"2382",-0.00519488614164088
"2383",-0.0010421748562206
"2384",-0.00173946820237525
"2385",0.0172596627383363
"2386",-0.0516175319069743
"2387",-0.0159829413234545
"2388",0.0174233808695896
"2389",0.0167710975178026
"2390",0.0151012875922416
"2391",0.00382668757105442
"2392",-0.016454038577252
"2393",0.0136723955186562
"2394",0.000696171289797487
"2395",0.0179315149410995
"2396",0.00579316665340279
"2397",0.00609761364049222
"2398",0.00471695610576539
"2399",0.000336077973252191
"2400",0.00201409937170149
"2401",0.00301356330526437
"2402",0.000334280464419745
"2403",0.0234527350906757
"2404",-0.00163368769603611
"2405",0.00424210138913095
"2406",0.00260169252443854
"2407",0.00291869835866976
"2408",-0.00389354813571208
"2409",-0.00783293822118702
"2410",0.000327633085197121
"2411",0.00652953664093969
"2412",-0.00358595325446265
"2413",0.00326045283945708
"2414",0.00260078178460832
"2415",0.00776207001951645
"2416",-0.000966994419154599
"2417",-0.00225985564681785
"2418",-0.00291312711414315
"2419",0.00323628108938534
"2420",-0.00258816053280464
"2421",0.0103126917732919
"2422",-0.00224683123740288
"2423",-0.0129368557164788
"2424",-0.007843144908942
"2425",0.00131147559781075
"2426",0.00359768178069597
"2427",0.0113619467917703
"2428",0.00257895053606783
"2429",0.00737780411509226
"2430",0.00191567743904697
"2431",0.00730974174856636
"2432",-0.00126739558683386
"2433",-0.00317561387304099
"2434",0.00444300945987486
"2435",0.00788523246650552
"2436",0.00125591851271389
"2437",-0.00251335342757164
"2438",-0.0101171270791238
"2439",-0.0198979289486232
"2440",0.0189442490162244
"2441",-0.0121602138428307
"2442",-0.00193358103964414
"2443",0.00995029891448995
"2444",-0.0151249547045076
"2445",0.00581960905326406
"2446",0.00257566143679577
"2447",0.00832540818477323
"2448",0.00952082708290458
"2449",-0.0101588175249914
"2450",-0.00865251352291896
"2451",0.0131097001442466
"2452",0.000635122282384604
"2453",-0.00349820683500512
"2454",0.0104580262442133
"2455",-0.0069598194092082
"2456",-0.00477327875265754
"2457",0.00762634773506399
"2458",-0.00348819126479105
"2459",-0.000317744249182628
"2460",0
"2461",-0.0137579517685076
"2462",-0.022809753611126
"2463",-0.00561892074941639
"2464",0.000331400168732898
"2465",0.00132447041422168
"2466",0.00725364209107093
"2467",-0.00296104833948796
"2468",-0.00627997436575223
"2469",-0.000331619966560837
"2470",0.0102293914638798
"2471",-0.0039473407166879
"2472",0.0068976789639934
"2473",-0.00558018863314569
"2474",0.00688869391157798
"2475",0.0029378183362434
"2476",-0.00654024568060985
"2477",-0.0029571567953055
"2478",-0.00230601324896895
"2479",-0.00429678393187327
"2480",0.024539100623242
"2481",0.00193732701960636
"2482",0.0115460228848154
"2483",-0.0115460228848154
"2484",0.0115460228848154
"2485",0.000318826710214548
"2486",0.0104646583487997
"2487",-0.00410940985907571
"2488",-0.0493446748665543
"2489",0.00431682563635682
"2490",-0.00431682563635682
"2491",-0.00533868486350553
"2492",-0.00604028702402548
"2493",0.0127092348261386
"2494",-0.00566573753567701
"2495",-0.00301255457961958
"2496",-0.000335289190064536
"2497",-0.01248536528314
"2498",-0.00681437037558696
"2499",0.00952715594183262
"2500",-0.00679584663033861
"2501",0.0209184749610798
"2502",0
"2503",0.00366599310758886
"2504",0.00365270211294177
"2505",0.0138251049918421
"2506",-0.0042588435257378
"2507",0.00556557355987808
"2508",-0.00130673003414028
"2509",0.00521683608971468
"2510",-0.00619806267672063
"2511",-0.00459164474465945
"2512",0.0013140278059276
"2513",0.00229552486437923
"2514",0.00490113699760197
"2515",-0.0085106896679088
"2516",0.0013140278059276
"2517",-0.00791039088314971
"2518",0.0105334087805038
"2519",-0.0145121607795984
"2520",0.00232288141614001
"2521",0.00198675562039696
"2522",-0.00165535545166406
"2523",0.00660501091153121
"2524",-0.00759954107803962
"2525",-0.00365506298831297
"2526",0.000998136815556272
"2527",-0.00266400423952007
"2528",0.00133292253435391
"2529",-0.00166642262081984
"2530",0.00399467908037821
"2531",0.00563195127879723
"2532",0.0108428859247081
"2533",0.00326267820810555
"2534",0.00130205094400893
"2535",0.00777709687827288
"2536",-0.00485359309066347
"2537",-0.00357436617067153
"2538",-0.00718719211402163
"2539",0.0220501800162647
"2540",0.00448000749297162
"2541",-0.000638805525376984
"2542",0.00478094934572626
"2543",-0.00573984347320167
"2544",0.00732837436183731
"2545",0.000317409937596214
"2546",0.014492976023242
"2547",0.0105788789941514
"2548",0.0156612748753679
"2549",0.0234879217834023
"2550",0.00415812894929601
"2551",0.0114926558237083
"2552",-0.00117270606853959
"2553",-0.00146775306743541
"2554",0.00819194153738501
"2555",-0.00174984010090551
"2556",-0.00233775683141113
"2557",0.00757797283608008
"2558",-0.00145285515757054
"2559",-0.00291199972810441
"2560",-0.00292062123495862
"2561",0.000292498905433813
"2562",-0.0052770863406093
"2563",0.00146864470515951
"2564",0.00556120284598061
"2565",-0.00468110888041284
"2566",0.000586367676711497
"2567",0.0035109163696001
"2568",-0.000292157142660621
"2569",0
"2570",0.00145961201595579
"2571",-0.0117371652582579
"2572",0.00647242633865108
"2573",-0.00411399364170428
"2574",0.00352742864982059
"2575",-0.00264433809770104
"2576",0.000882164418857467
"2577",-0.00826445057307268
"2578",0
"2579",0.00177663650853077
"2580",-0.00653006169451942
"2581",-0.00507545483998939
"2582",-0.0123476949021848
"2583",0.00242136914850066
"2584",-0.00363425591351607
"2585",0.00151581057593431
"2586",-0.00273017022187316
"2587",-0.0091547485186978
"2588",-0.00615011191961479
"2589",0.005843565849454
"2590",0.00183814392806658
"2591",-0.000612247416552858
"2592",0.00549787545520886
"2593",-0.000304706771445229
"2594",0.0139185002429856
"2595",0.00419787741791078
"2596",-0.000598503459948496
"2597",0.0104244574556462
"2598",0.00943681435433641
"2599",-0.0029394200626438
"2600",0.00791679807452317
"2601",0.000291955023479673
"2602",-0.00204588702078956
"2603",0.00612511767850954
"2604",-0.00291199972810441
"2605",-0.0114387222543968
"2606",-0.00473093698881
"2607",-0.00326558090710982
"2608",-0.00536673901792994
"2609",0.0230506360724907
"2610",0.00204287247528079
"2611",-0.0140929815469404
"2612",-0.0748816280329798
"2613",-0.00543219119577953
"2614",0.0121020905723186
"2615",0.00536702156494151
"2616",-0.00853760126600189
"2617",-0.00158903574531211
"2618",0.00190654646396604
"2619",0.0056980211146378
"2620",-0.00474606167342984
"2621",0.00915551763684563
"2622",0.00501568449616752
"2623",-0.00690307102687315
"2624",-0.00631717208694038
"2625",0.00158309357108966
"2626",0
"2627",-0.00762150378290816
"2628",-0.00383267789776554
"2629",0.0142973362465653
"2630",-0.00315959183610959
"2631",-0.000633111765370398
"2632",0.00158199687450633
"2633",0.0113173482594244
"2634",-0.00438597194325441
"2635",-0.000314021041990298
"2636",0.000314021041990298
"2637",0.00750707310359333
"2638",0.00466352455139951
"2639",-0.0150003432942301
"2640",0.0100252089635164
"2641",-0.0211065317918964
"2642",-0.00350824795332993
"2643",0.000958039366874885
"2644",-0.00704676191054965
"2645",-0.0126154673261629
"2646",0.00584230817631193
"2647",0.00258565108502307
"2648",0.00354438908193977
"2649",0.00224899693188529
"2650",0.00352395046720222
"2651",0.0047854613577254
"2652",0.00254291300411191
"2653",0.000317409937596214
"2654",0.0123010540216155
"2655",-0.00125467392157752
"2656",-0.00062797489303934
"2657",0.00062797489303934
"2658",0.00812752207608858
"2659",-0.0144248034924437
"2660",-0.00284675188296601
"2661",-0.00158503758022199
"2662",-0.00222325004672674
"2663",0.00633913364723382
"2664",-0.00411588360050708
"2665",0.00126819930231648
"2666",0.0075757940475949
"2667",0.0012571026365924
"2668",-0.00535350042563376
"2669",-0.00157999714366941
"2670",-0.0198026589217326
"2671",0.0150474748148737
"2672",0.0116886816761621
"2673",0.00782109414558363
"2674",0.00776039902719505
"2675",-0.0410281266174484
"2676",-0.0218214155466248
"2677",0.0101556645141678
"2678",0.0190481949706944
"2679",-0.0112559477505285
"2680",0.0102961012522638
"2681",0.00638167439613602
"2682",0.00317561387304099
"2683",-0.00190418969145956
"2684",0.0160709304122242
"2685",0.00685357833542133
"2686",0.0027902669720099
"2687",-0.0212773358619791
"2688",0.00787529639983653
"2689",-0.00345752342778027
"2690",-0.00885521282973256
"2691",0.0223033906959653
"2692",0.00681120290828785
"2693",-0.00712187558921862
"2694",0.000310672680930768
"2695",0.00773638417590305
"2696",0.00246308625853908
"2697",-0.000922873441200789
"2698",0.00337981578455748
"2699",0.00306288146128031
"2700",0.0202821543119991
"2701",0.0104338999933988
"2702",0.0011854476964035
"2703",-0.00832836486477406
"2704",-0.00389053322965838
"2705",0.00836084309591723
"2706",0.0035618618310056
"2707",0.00295852295554822
"2708",-0.0121861819618929
"2709",0.00447564531200717
"2710",0.00475201369433753
"2711",0.000296193167509617
"2712",-0.00623977687461741
"2713",0.00119157001277026
"2714",-0.00987298999171227
"2715",0.00629413146824831
"2716",0.00208924110947084
"2717",0.00178722123513886
"2718",-0.001489173833916
"2719",0.00594358370710779
"2720",0.0147061473896954
"2721",0.00291539573595934
"2722",0.00667357764784926
"2723",-0.0081302130746681
"2724",-0.000874989130857262
"2725",0.00465794146391474
"2726",-0.0113919442680559
"2727",0.00322631149957475
"2728",0.0136688762810739
"2729",-0.011913551104731
"2730",0.00757143978121366
"2731",-0.00174218973011886
"2732",-0.000290597290502959
"2733",0.00290270151842842
"2734",-0.0131293208103691
"2735",-0.00176358067808691
"2736",-0.0011775390890727
"2737",0.00264744962259078
"2738",0.00205429266509327
"2739",0.0505894393138053
"2740",0.000557286143263003
"2741",0.016574909383908
"2742",0.00410122231447207
"2743",-0.00547199701340917
"2744",0.00109681936838246
"2745",0.0103598798658395
"2746",0.0230573488524883
"2747",-0.00664807660599775
"2748",-0.00481415753010328
"2749",0.00801069736423976
"2750",0.00318648707203328
"2751",-0.0109290702408593
"2752",0.00267663432452281
"2753",-0.000267290463634051
"2754",0.00559924117449695
"2755",0.00926294832728969
"2756",-0.00131801786996411
"2757",0.0063108806268608
"2758",-0.00657464529627605
"2759",0.00762251019373128
"2760",0.00756495074494623
"2761",-0.00468875572056593
"2762",0.0114228395281351
"2763",-0.00543557692081098
"2764",0.000518941384737293
"2765",-0.00181744827149544
"2766",0.00207686987844902
"2767",0.000777679873572801
"2768",-0.00754330547258775
"2769",0.014515599605756
"2770",0.00794562693555889
"2771",-0.00460584232854577
"2772",0.0137545977216424
"2773",0.0103184509387613
"2774",-0.00627906135040179
"2775",0.00552767746093163
"2776",0.00474936537656845
"2777",0.01901998867115
"2778",-0.00810710741751164
"2779",0.0161491149364763
"2780",0.00242419512658643
"2781",-0.000242111636973963
"2782",0.0089210717158883
"2783",0.0105062573495704
"2784",0.00166132714899003
"2785",-0.00642314567059854
"2786",0.0156289938688414
"2787",0.00679072983971274
"2788",-0.0141012445661595
"2789",-0.0169475112820345
"2790",0.00384431026442256
"2791",-0.0186378622812593
"2792",-0.0539586664762939
"2793",0.0352157745547728
"2794",0.00422313394327567
"2795",-0.039696780843228
"2796",0.0194131003285132
"2797",0.026708165335251
"2798",0.0153981293722065
"2799",0.0206440360636706
"2800",0.0461960274342297
"2801",0.00565548365642643
"2802",-0.00610932980261536
"2803",-0.0171687857546292
"2804",-0.00857980915356515
"2805",0.0243858647559354
"2806",0.0304410475470909
"2807",-0.0070796754314304
"2808",-0.00578941719471082
"2809",-0.0221277942878606
"2810",0.00591856951916991
"2811",0.010386162336824
"2812",-0.00517958589377754
"2813",-0.00203412880547971
"2814",0.00316239248007877
"2815",0.0229638674467108
"2816",0.00395953011719419
"2817",-0.00859886247060926
"2818",0.00265367252866033
"2819",0.00110369726352655
"2820",-0.00708446620337755
"2821",-0.016577396126221
"2822",0.00225629610901779
"2823",-0.0013531350734004
"2824",-0.0283837087136476
"2825",-0.015206797077056
"2826",0.0379324620815567
"2827",-0.0318219376369675
"2828",-0.0241889906007264
"2829",0.0290972393805049
"2830",-0.0448227845779572
"2831",0.00898180584828667
"2832",-0.00435941585633515
"2833",0.0149364133731624
"2834",-0.0264097723401666
"2835",0.0107448655424287
"2836",0.0320295081201944
"2837",-0.0018836361087109
"2838",0.0212203368939798
"2839",-0.00787588041465082
"2840",0.00695249622019345
"2841",0.0293570067256295
"2842",0.000896682408245919
"2843",-0.00156968298695137
"2844",-0.0106036186908334
"2845",0.003622372084092
"2846",-0.0115923104805806
"2847",-0.000686174976194831
"2848",0.0113740992216718
"2849",0.0112461826606931
"2850",-0.00943822736596145
"2851",0.0121186622667633
"2852",-0.0218748369907704
"2853",0.0131371764796193
"2854",0.0191670681447542
"2855",0.00944752725603104
"2856",-0.000437467203362019
"2857",0.0071935351073229
"2858",0.00563133391999138
"2859",-0.0080234411562139
"2860",-0.00502017855570536
"2861",-0.00482565089966158
"2862",-0.00706092960087412
"2863",-0.0383707874628421
"2864",-0.00576902501756837
"2865",0.0124196860025725
"2866",-0.00228828469899822
"2867",0.000687003332024538
"2868",-0.00252149130729862
"2869",-0.00714046583652417
"2870",-0.00672615323387316
"2871",-0.00279662268961145
"2872",-0.00327253692968776
"2873",0.0219992896821433
"2874",-0.00183397571271371
"2875",0.00206294629035408
"2876",0.0134199677359366
"2877",-0.0138779613307496
"2878",-0.00390226585161635
"2879",0.00481815782180295
"2880",0.00570582412334542
"2881",0.00159179118062491
"2882",0.0153329051902076
"2883",-0.00989436911505104
"2884",-0.000904386235103694
"2885",-0.00886065105151435
"2886",-0.00182727319396259
"2887",-0.0133489205834239
"2888",0.000926378008278661
"2889",-0.0212898432675637
"2890",0.00612915638697142
"2891",-0.00518372973697456
"2892",0.0143076673816798
"2893",0.00209375444858217
"2894",-0.00512578009502507
"2895",-0.00327569318731324
"2896",-0.00258118179894007
"2897",0.00351819291002498
"2898",-0.000937011111084907
"2899",0.00444296304863911
"2900",-0.00678923353714778
"2901",0.0234485955690231
"2902",-0.0421806432155618
"2903",0.0170863437368491
"2904",-0.00377181022365214
"2905",-0.00307512960338041
"2906",0.00449127330438337
"2907",-0.00924077183414473
"2908",0.00118955647653474
"2909",0.00781526772396379
"2910",0.0180016786158581
"2911",0.00853619220160917
"2912",-0.0223005527514823
"2913",-0.00944075950867429
"2914",0.00284165479926246
"2915",-0.0102199342236413
"2916",0.0158789448457197
"2917",0.00702915257079217
"2918",0.0109137735902363
"2919",0.00644576349532811
"2920",0.00594826723067632
"2921",-0.00136957338652399
"2922",0
"2923",-0.000685456449613042
"2924",0.0056980211146378
"2925",-0.00318686812870173
"2926",0.0292089734919019
"2927",0.015599547526878
"2928",0.00760133967355081
"2929",-0.00956533380106928
"2930",0.00457673235872535
"2931",0.000652059567674002
"2932",0.00649774865751995
"2933",0.00581209256396553
"2934",0.00769730112482048
"2935",0.0112253427879412
"2936",-0.00697451824418627
"2937",0.0130637759045897
"2938",-0.000837696384065723
"2939",-0.00968428621265982
"2940",0.000211507142104939
"2941",-0.00487650716984689
"2942",0.000425010635647816
"2943",-0.000850180719118132
"2944",-0.00298126291894674
"2945",0.007436621891177
"2946",0.00338123722895967
"2947",-0.00613695695625749
"2948",0.00740191599837692
"2949",-0.00379987798999215
"2950",0.00947277907055488
"2951",0.0172400363265184
"2952",-0.00247426930352779
"2953",0.00061917244780707
"2954",-0.00123866653699967
"2955",-0.00165387671244677
"2956",0.00659932250282624
"2957",0.00451184107762925
"2958",0.0028606272938454
"2959",0.00264902862955552
"2960",-0.0155868208914334
"2961",-0.0051808217594993
"2962",-0.0127550290376903
"2963",-0.000631470379230947
"2964",-0.039953787820441
"2965",-0.0336522451348742
"2966",0.0354038987467584
"2967",-0.0230149798753536
"2968",0.0254185864341014
"2969",0.00261549846807929
"2970",-0.0105033790663924
"2971",-0.00264315134765347
"2972",0.00922065828586494
"2973",-0.00745781072130214
"2974",-0.0301732137900501
"2975",0.031273510975546
"2976",-0.0271974183755033
"2977",-0.00930872881417821
"2978",0.016738730181129
"2979",0.0259064189006408
"2980",-0.00218814086894348
"2981",-0.00373098197025135
"2982",0.0144075621901036
"2983",0.0077720815208715
"2984",0.0296632335772116
"2985",0.0112103518702735
"2986",-0.0278405841019302
"2987",-0.0321391190028342
"2988",-0.0110206099093486
"2989",-0.0176638911535472
"2990",0.0535802778646595
"2991",-0.00902072287587785
"2992",-0.0130294571403868
"2993",-0.0279273019496586
"2994",0.00895054074529256
"2995",-0.00782734623621417
"2996",0.0228619209948415
"2997",0.0119970684424993
"2998",0.0250522040836132
"2999",0.00105672628393405
"3000",0.0111333784286693
"3001",0.0180111067166102
"3002",-0.0289333118376796
"3003",0.0217263827463623
"3004",-0.0411320248432707
"3005",0.00900331912328189
"3006",0.00489620983565198
"3007",0.00698337420549811
"3008",0.00105391516820141
"3009",-0.0353772766038132
"3010",-0.035995865317263
"3011",-0.00317244763756674
"3012",-0.0211017462898528
"3013",-0.0151818165840494
"3014",-0.0151770520508596
"3015",-0.0382367061216136
"3016",0.0529429248470676
"3017",0.010306931132221
"3018",-0.00326797676461599
"3019",0.0130083596703963
"3020",-0.00880861019606227
"3021",-0.0447587437446839
"3022",0.0440599431957067
"3023",0.00673405563687668
"3024",0.00806739422055003
"3025",-0.0055248988888108
"3026",-0.0018483831083147
"3027",0.00576503357265379
"3028",-0.00645914579607831
"3029",0.018572149297265
"3030",-0.00136396931084803
"3031",0.00567087843136704
"3032",0.0183779268872279
"3033",-0.00556732326685205
"3034",0.0150712075878259
"3035",0.00329421622158854
"3036",0.0113365065989708
"3037",-0.00827172752606575
"3038",0.00457963950097406
"3039",0.0161868218828203
"3040",0.0123406246965794
"3041",0.00105672628393405
"3042",0.00021117330760001
"3043",-0.00190254795376266
"3044",0.00464434030179195
"3045",-0.0165643836533396
"3046",0.0104377984592379
"3047",0.00823056236191366
"3048",0.00649414656405245
"3049",-0.00817698243273624
"3050",0.018770144004304
"3051",0.0210576722739684
"3052",0.00444090345428672
"3053",-0.00040292102470163
"3054",-0.00444267689079414
"3055",0.0140677760700711
"3056",0.0134788955743388
"3057",0.00764932622957426
"3058",0.00797902452491561
"3059",0.00348297565725142
"3060",-0.00697812484639648
"3061",-0.00487472935677147
"3062",0.00273275597290423
"3063",0.00718657090836627
"3064",-0.00738148269375749
"3065",-0.00429858023860241
"3066",0.0165067932154801
"3067",0.00442018592265869
"3068",0.00840176780356172
"3069",0.00284823124576761
"3070",0.00868419629757033
"3071",0.00581009980243019
"3072",-0.00374456535414502
"3073",-0.000938406758724142
"3074",0.0126867563383142
"3075",-0.0224980803254455
"3076",-0.000189665304642261
"3077",0.00943759364228747
"3078",-0.00169222567121441
"3079",0.00413149883454622
"3080",0.0117374609260943
"3081",0.0181706014630079
"3082",0.00562259569919465
"3083",0.00613056362681963
"3084",-0.00884725460311842
"3085",0.00126869072329683
"3086",0.0050587821970467
"3087",-0.00560229159119885
"3088",0.0115316593190355
"3089",-0.00394906282286289
"3090",0.0123337519557669
"3091",0.00478512202757653
"3092",0.00687166818379659
"3093",-0.011301550427091
"3094",0.00159703693964364
"3095",-0.00106443151677915
"3096",0.00619304824819
"3097",0.00334599237944033
"3098",-0.00971651466417534
"3099",-0.00802073612743026
"3100",0.00446389448564144
"3101",-0.00321199413885775
"3102",-0.0066349923325113
"3103",-0.0115817978330703
"3104",0
"3105",-0.00639094667178686
"3106",-0.0211040596135383
"3107",0.000374111482587924
"3108",-0.010339466208857
"3109",0.0082801188941386
"3110",-0.0393706876644515
"3111",0.0139375273369593
"3112",0.00804137980558073
"3113",0.06443126900741
"3114",0.00748129615983029
"3115",-0.00605199447949545
"3116",0.00906434730249561
"3117",-0.0147939781712951
"3118",-0.0273042085205981
"3119",0.00331614164089977
"3120",-0.00812560341619761
"3121",-0.0140045235342621
"3122",0.00730682407799543
"3123",-0.029168753810338
"3124",-0.00481650107161569
"3125",0.0276181921737506
"3126",0.0281552215119443
"3127",0.00637231116461745
"3128",0.0149512289722686
"3129",0.0087227612919305
"3130",0.012155580061413
"3131",-0.0221306717679113
"3132",0.0055341925192165
"3133",-0.0256054022415348
"3134",0.01180226115771
"3135",0.0116645018226356
"3136",0.001426315092937
"3137",0.0225480574096526
"3138",-0.00664107654572899
"3139",0.00262675926034905
"3140",-0.0194249085044929
"3141",0.00922967148377474
"3142",-0.0154903482920021
"3143",-0.0181065964256186
"3144",0.000182734993059874
"3145",0.0193583425693911
"3146",0.0119335104667089
"3147",0.00212235668846095
"3148",-0.00727016254610202
"3149",0.00266597512088129
"3150",0.0139246277920826
"3151",0.00297121602837791
"3152",0.0112799807733293
"3153",0.00172410387535482
"3154",-0.00743497861607345
"3155",-0.00714102150032225
"3156",0.00922151807184513
"3157",-0.00660299514770379
"3158",0.0064297553477255
"3159",-0.000346517677987102
"3160",-0.00835221497384442
"3161",-0.0107159743988614
"3162",-0.00159080902467235
"3163",0.00705098996551357
"3164",-0.00811290156972788
"3165",-0.0191299115389425
"3166",-0.000180575863107713
"3167",-0.0394012494016778
"3168",-0.0359434795769733
"3169",0.0236617567082882
"3170",-0.00495518461884981
"3171",0.0155453367430449
"3172",-0.0138272872606033
"3173",-0.0171207219578169
"3174",0.0226366845357608
"3175",-0.0408457041774581
"3176",-0.0900877410264931
"3177",0.0152346902666878
"3178",0.0322676437183156
"3179",-0.0118221847718973
"3180",0.0173737565504211
"3181",-0.0121713725352359
"3182",-0.0331288653474524
"3183",0.0104578267202533
"3184",-0.00660343230931337
"3185",0.00170826434879245
"3186",0.00849805420613992
"3187",-0.00977896813020962
"3188",-0.00664456408162506
"3189",0.0174807265168755
"3190",0.02297987109448
"3191",0.00863673903783813
"3192",-0.00533768449927319
"3193",0.0128848698135831
"3194",0.0165259709552923
"3195",-0.00200078099958834
"3196",0.00200078099958834
"3197",-0.00140014027074198
"3198",-0.0110698323837055
"3199",-0.00141772175644794
"3200",-0.0030447806232976
"3201",0.00830046293038711
"3202",-0.00363563331728267
"3203",-0.0060888966104371
"3204",0.00992618298960313
"3205",-0.0158475274381882
"3206",0.000204730210508597
"3207",0.0116031836151547
"3208",-0.0343831700533852
"3209",-0.0250278379034281
"3210",0.0106815796478394
"3211",0.00972727050570477
"3212",0.00524715234748108
"3213",-0.0293139301945886
"3214",0.00965364152223458
"3215",-0.0148405344437115
"3216",0.00884482061504022
"3217",-0.0110140839150565
"3218",0.00670929905608109
"3219",0.00923248620834283
"3220",0.0051161484437201
"3221",-0.00682742158860838
"3222",0.0144529617726743
"3223",0.00337055308290601
"3224",-0.0105709231835016
"3225",-0.0136958915243186
"3226",0.0105027648430713
"3227",0.00574033680018315
