Date,2W,1M,3M,6M,1Y,2Y,5Y
10/11/2020,6.69,6.525,6.5175,6.5975,6.735,6.85,7.03
09/11/2020,6.87,6.695,6.6025,6.6925,6.85,6.9775,7.08
06/11/2020,6.925,6.655,6.8025,6.9525,7.0875,7.135,7.165
05/11/2020,7.03,6.5775,6.73,6.8575,7.0475,7.1275,7.205
04/11/2020,6.7425,6.4975,6.5675,6.785,6.9975,7.07,7.265
03/11/2020,9.1775,7.9125,7.2425,7.31,7.3875,7.41,7.38
02/11/2020,9.2025,8.0125,7.32,7.3375,7.4075,7.4,7.375
30/10/2020,9.3525,7.9875,7.44,7.4425,7.4625,7.455,7.41
29/10/2020,9.6325,8.2025,7.63,7.5225,7.5125,7.4725,7.46
28/10/2020,9.785,8.5775,7.67,7.5475,7.5725,7.5,7.49
27/10/2020,9.2625,8.09,7.3125,7.3325,7.445,7.4425,7.41
26/10/2020,8.305,7.64,7.1375,7.2125,7.37,7.3925,7.39
23/10/2020,8.2375,7.405,7.0875,7.2275,7.365,7.3975,7.355
22/10/2020,8.2025,7.565,7.2025,7.2425,7.385,7.3975,7.365
21/10/2020,8.32,7.98,7.345,7.325,7.425,7.405,7.4375
20/10/2020,5.1475,7.19,6.83,6.9725,7.19,7.2375,7.305
19/10/2020,4.6675,7.09,6.82,6.9775,7.2,7.24,7.24
16/10/2020,4.805,7.07,6.905,7.095,7.265,7.29,7.29
15/10/2020,5.0425,7.245,7.105,7.2,7.39,7.39,7.375
14/10/2020,4.9975,7.44,7.1975,7.2375,7.42,7.415,7.395
13/10/2020,4.9925,7.49,7.1825,7.2475,7.405,7.405,7.375
12/10/2020,5.185,7.5675,7.2075,7.2625,7.43,7.435,7.39
09/10/2020,5,7.31,7.1175,7.2425,7.415,7.405,7.365
08/10/2020,4.9675,7.33,7.1325,7.2475,7.39,7.3825,7.335
07/10/2020,5.215,7.55,7.4975,7.4075,7.5,7.4525,7.365
06/10/2020,5.1825,7.6075,7.5775,7.4325,7.525,7.4975,7.405
05/10/2020,5.225,7.715,7.63,7.4725,7.53,7.5075,7.4
02/10/2020,5.655,7.61,7.745,7.585,7.57,7.53,7.415
01/10/2020,5.0925,5.6325,7.67,7.4975,7.52,7.4925,7.38
30/09/2020,5.085,5.54,7.635,7.465,7.515,7.485,7.365
29/09/2020,5.3225,5.89,8.2775,7.9075,7.81,7.7175,7.425
28/09/2020,5.43,6.05,8.405,7.995,7.9,7.81,7.43
25/09/2020,5.765,6.02,8.59,8.085,7.95,7.83,7.475
24/09/2020,6.17,6.275,8.7,8.17,8.01,7.89,7.475
23/09/2020,6.02,6.3,8.65,8.095,7.97,7.86,7.49
22/09/2020,6.245,6.485,8.73,8.145,8.03,7.91,7.52
21/09/2020,6.73,6.905,8.945,8.315,8.1375,7.99,7.555
18/09/2020,6.155,6.365,8.625,8.08,7.945,7.855,7.4925
17/09/2020,5.8,6.13,8.44,8.025,7.9,7.78,7.4575
16/09/2020,5.71,5.98,8.365,7.895,7.815,7.72,7.4075
15/09/2020,5.645,5.955,8.3,7.85,7.8075,7.695,7.4075
14/09/2020,5.64,5.955,8.16,7.775,7.675,7.545,7.3525
11/09/2020,5.52,5.705,8.13,7.705,7.625,7.515,7.385
10/09/2020,5.695,5.895,8.205,7.76,7.695,7.5675,7.38
09/09/2020,6.0425,6.365,8.4025,7.9025,7.75,7.58,7.385
08/09/2020,6.47,6.7,8.57,8.04,7.91,7.715,7.5125
07/09/2020,6.16,6.465,8.24,7.83,7.715,7.57,7.4
04/09/2020,6.445,6.48,8.295,7.81,7.76,7.5975,7.4575
03/09/2020,6.93,6.78,8.355,7.865,7.745,7.5875,7.46
02/09/2020,6.355,6.8,8.245,7.8,7.745,7.595,7.4375
01/09/2020,6.595,7.075,8.325,7.88,7.765,7.6275,7.4425
31/08/2020,7.14,7.445,8.44,7.95,7.73,7.57,7.4575
28/08/2020,7.68,7.4675,8.605,8.035,7.8075,7.6475,7.4825
27/08/2020,6.055,6.18,7.79,7.425,7.425,7.3425,7.305
26/08/2020,6.38,6.515,7.86,7.465,7.48,7.37,7.305
25/08/2020,6.24,6.44,7.855,7.505,7.4625,7.355,7.275
24/08/2020,5.905,6.4,7.965,7.57,7.545,7.435,7.235
21/08/2020,6.27,6.45,8.0175,7.64,7.5725,7.455,7.265
20/08/2020,6.415,6.615,8.18,7.69,7.6275,7.465,7.2925
19/08/2020,6.525,6.815,8.21,7.775,7.675,7.515,7.32
18/08/2020,6.67,6.925,8.21,7.775,7.655,7.505,7.295
17/08/2020,6.125,6.5875,7.9875,7.59,7.5425,7.425,7.2475
14/08/2020,5.92,6.1425,7.8125,7.47,7.46,7.3775,7.24
13/08/2020,6.01,6.17,7.895,7.505,7.5,7.39,7.31
12/08/2020,6.295,6.455,7.96,7.58,7.495,7.4,7.3125
11/08/2020,6.185,6.375,7.955,7.595,7.53,7.43,7.295
10/08/2020,5.9525,6.345,7.94,7.58,7.5,7.4,7.2975
07/08/2020,6.555,6.65,8.14,7.735,7.6,7.46,7.3
06/08/2020,7.555,7.29,8.455,7.955,7.785,7.575,7.3575
05/08/2020,7.41,7.31,8.37,7.95,7.7325,7.565,7.35
04/08/2020,6.8825,6.99,8.08,7.78,7.6475,7.5025,7.285
03/08/2020,7.355,7.38,7.355,7.985,7.755,7.5475,7.305
31/07/2020,7.63,7.295,7.42,7.975,7.7825,7.6225,7.335
30/07/2020,7.155,6.99,7.345,7.95,7.7975,7.625,7.365
29/07/2020,7.7625,7.63,7.63,8.215,8.0225,7.8325,7.42
28/07/2020,7.765,7.515,7.425,8.13,7.8675,7.75,7.4
27/07/2020,8.16,7.775,7.4925,8.095,7.8575,7.7225,7.495
24/07/2020,7.13,6.635,6.745,7.555,7.47,7.43,7.1925
23/07/2020,5.265,5.37,5.965,7.03,7.125,7.18,7.145
22/07/2020,5.105,5.265,5.895,7.005,7.14,7.2075,7.145
21/07/2020,5.02,5.21,5.935,6.995,7.1525,7.23,7.1575
20/07/2020,4.6475,5.08,5.795,6.985,7.145,7.2,7.1625
17/07/2020,4.835,5.08,5.83,7.035,7.2,7.245,7.1925
16/07/2020,4.835,5.145,5.945,7.1,7.245,7.24,7.1975
15/07/2020,5.025,5.425,6.085,7.215,7.2975,7.295,7.205
14/07/2020,4.9,5.47,6.08,7.225,7.275,7.27,7.205
13/07/2020,4.855,5.505,6.085,7.235,7.2425,7.2475,7.2
10/07/2020,5.135,5.51,6.1,7.24,7.295,7.2875,7.215
09/07/2020,4.88,5.27,6.035,7.105,7.215,7.215,7.18
08/07/2020,4.865,5.355,6.035,7.125,7.1825,7.18,7.165
07/07/2020,4.835,5.385,6.04,7.12,7.18,7.16,7.1575
06/07/2020,4.8425,5.395,6.045,7.1,7.17,7.175,7.1725
03/07/2020,4.7925,5.25,5.95,7.005,7.11,7.13,7.165
02/07/2020,5.045,5.41,6.1375,7.12,7.215,7.2275,7.165
01/07/2020,5.235,5.665,6.24,7.285,7.2975,7.2975,7.21
30/06/2020,5.295,5.815,6.335,7.385,7.365,7.3025,7.245
29/06/2020,5.455,6,6.455,7.475,7.47,7.39,7.295
26/06/2020,5.59,5.82,6.475,7.56,7.4775,7.4125,7.3
25/06/2020,5.64,5.81,6.545,7.575,7.51,7.4275,7.325
24/06/2020,6.085,6.16,6.695,7.565,7.485,7.385,7.335
23/06/2020,5.89,6.11,6.625,7.54,7.4575,7.38,7.35
22/06/2020,5.165,5.65,6.355,7.31,7.245,7.275,7.2825
19/06/2020,6.18,6.19,6.8,7.6,7.4425,7.37,7.4075
18/06/2020,6.68,6.66,7.045,7.74,7.455,7.42,7.4025
17/06/2020,6.185,6.425,6.735,7.355,7.19,7.195,7.28
16/06/2020,6.1575,6.505,6.715,7.3075,7.1625,7.17,7.255
15/06/2020,6.84,7.06,7.1,7.5625,7.3575,7.3575,7.3475
12/06/2020,7.58,7.2325,7.13,7.5275,7.295,7.325,7.345
11/06/2020,7.7125,7.255,7.18,7.535,7.4,7.325,7.495
10/06/2020,7.625,7.295,6.9325,7.3175,7.195,7.23,7.445
09/06/2020,7.17,6.8,6.585,7.025,6.945,7.06,7.4
08/06/2020,6.63,6.3575,6.255,6.815,6.8475,6.985,7.3225
05/06/2020,5.77,5.56,5.81,6.505,6.625,6.795,7.2125
04/06/2020,5.8175,5.5975,5.935,6.59,6.69,6.86,7.2625
03/06/2020,5.86,5.7625,5.97,6.59,6.685,6.87,7.2575
02/06/2020,5.795,5.78,5.975,6.63,6.765,6.935,7.295
01/06/2020,5.1525,5.3975,5.85,6.58,6.7375,6.9725,7.3625
29/05/2020,5.29,5.3625,5.87,6.6025,6.7425,6.9625,7.3575
28/05/2020,5.07,5.19,5.81,6.53,6.69,6.91,7.3325
27/05/2020,4.8775,5.2575,5.73,6.52,6.6675,6.8925,7.3225
26/05/2020,4.94,5.41,6.055,6.88,7.0925,7.2875,7.57
25/05/2020,5.33,5.825,6.355,7.105,7.285,7.41,7.6275
22/05/2020,5.37,5.6975,6.315,7.135,7.3125,7.44,7.645
21/05/2020,5.2225,5.6675,6.275,7.1,7.3025,7.42,7.675
20/05/2020,5.5225,5.9375,6.5475,7.36,7.5825,7.6725,7.835
19/05/2020,5.645,6.26,6.86,7.64,7.79,7.8125,7.885
18/05/2020,5.745,6.485,7.0375,7.7675,7.885,7.8925,7.9
15/05/2020,5.9,6.525,7.17,7.895,7.975,7.9275,7.915
14/05/2020,6.2175,6.7225,7.3925,7.95,8.02,7.935,7.935
13/05/2020,6.3625,6.8525,7.4175,7.98,8,7.94,7.895
12/05/2020,6.275,6.9025,7.4075,7.975,8.005,7.97,7.895
11/05/2020,6.575,7.25,7.685,8.2,8.18,8.0925,7.925
08/05/2020,7.06,7.235,7.825,8.275,8.235,8.125,8
07/05/2020,7.8025,7.7375,8.22,8.53,8.39,8.1875,8.03
06/05/2020,7.65,7.7875,8.1875,8.5425,8.4375,8.2625,8.01
05/05/2020,7.4575,7.66,8.0875,8.44,8.3475,8.19,8
04/05/2020,7.71,7.915,8.2375,8.57,8.4525,8.225,8.015
01/05/2020,7.74,7.745,8.1,8.4125,8.315,8.125,7.955
30/04/2020,6.77,7.0925,7.7125,8.19,8.145,8.0175,7.86
29/04/2020,7.325,7.46,8.075,8.25,8.4075,8.175,7.965
28/04/2020,7.6075,7.675,8.25,8.4175,8.5175,8.245,8.02
27/04/2020,7.435,7.705,8.29,8.46,8.59,8.2925,8.005
24/04/2020,7.68,7.7375,8.355,8.545,8.65,8.33,7.9975
23/04/2020,7.665,7.8275,8.355,8.535,8.605,8.34,8.0675
22/04/2020,7.865,8.21,8.37,8.5325,8.625,8.325,8.0575
21/04/2020,8.375,8.6075,8.53,8.69,8.72,8.415,8.1425
20/04/2020,8.065,8.3225,8.47,8.575,8.685,8.315,8.0425
17/04/2020,8.49,8.385,8.6175,8.615,8.715,8.375,8.02
16/04/2020,8.765,8.485,8.63,8.625,8.63,8.285,7.985
15/04/2020,8.3575,8.655,8.6275,8.6225,8.6275,8.315,8.025
14/04/2020,9.265,9.29,8.94,8.87,8.755,8.39,8.07
13/04/2020,9.19,9.335,8.985,8.815,8.645,8.2675,7.945
10/04/2020,8.38,8.47,8.54,8.455,8.415,8.1,7.855
09/04/2020,8.33,8.52,8.615,8.52,8.475,8.125,7.765
08/04/2020,9.035,9.15,8.945,8.74,8.545,8.215,7.75
07/04/2020,8.96,9.315,9,8.76,8.54,8.215,7.7
06/04/2020,10.0375,10.165,9.565,9.1575,8.78,8.295,7.79
03/04/2020,12.255,11.78,10.435,9.5925,8.9525,8.37,7.85
02/04/2020,13.18,12.4675,10.72,9.845,9.0925,8.41,7.855
01/04/2020,14.5775,13.55,11.47,10.35,9.4625,8.585,7.895
31/03/2020,14.24,13.17,11.075,10.01,9.27,8.69,7.915
30/03/2020,15.565,14.295,12.0025,10.7525,9.795,9.0475,8.36
27/03/2020,16.495,14.435,12.425,10.96,9.965,9.195,8.385
26/03/2020,15.5425,13.53,11.64,10.3925,9.64,9.05,8.49
25/03/2020,12.29,11.14,10.0825,9.405,9.015,8.69,8.245
24/03/2020,14.18,12.765,10.81,10.01,9.4,8.8125,8.395
23/03/2020,18.0225,15.84,13.025,11.5025,10.2775,9.4,8.72
20/03/2020,18.4075,15.765,13.1425,11.7,10.5375,9.5875,8.8625
19/03/2020,20.63,17.65,14.615,12.68,11.1575,10.22,9.0475
18/03/2020,20.6125,17.655,14.46,12.4025,10.595,9.42,8.525
17/03/2020,20.9575,18.165,14.0125,11.805,10.335,9.52,8.5725
16/03/2020,24.615,20.83,16.0975,13.4975,11.4275,10.18,9.01
13/03/2020,20.12,16.615,13.2975,11.5675,10.1175,9.4725,8.7
12/03/2020,24.67,20.5,16.49,13.835,11.7375,10.38,8.815
11/03/2020,23.0525,19.4275,14.03,11.7025,10.1325,9.015,8.35
10/03/2020,20.8075,16.7,12.405,10.65,9.53,9.025,8.15
09/03/2020,25.85,21.375,15.795,13.39,11.6175,10.17,8.805
06/03/2020,13.73,11.7975,10.13,9.3175,8.64,8.285,7.86
05/03/2020,11.405,9.78,8.605,8.02,7.745,7.575,7.6975
04/03/2020,8.12,7.965,7.26,7.055,7.11,7.205,7.5075
03/03/2020,9.845,9.2175,7.9825,7.635,7.57,7.55,7.695
02/03/2020,10.25,9.355,8.1675,7.79,7.685,7.7025,7.8525
28/02/2020,9.8225,8.85,7.9325,7.7425,7.81,7.7125,7.9525
27/02/2020,7.8075,7.195,6.79,6.7875,7.1425,7.1925,7.6425
26/02/2020,7.08,6.7675,6.3075,6.41,6.755,6.89,7.4525
25/02/2020,7.42,6.8375,6.23,6.265,6.6425,6.765,7.36
24/02/2020,7.44,6.8425,6.2675,6.2325,6.5925,6.7175,7.3075
21/02/2020,6.71,6.0225,5.715,5.8,6.2825,6.53,7.145
20/02/2020,6.425,5.855,5.59,5.7325,6.2075,6.4375,7.115
19/02/2020,5.74,5.3175,5.2,5.4725,6.1,6.35,7
18/02/2020,4.075,4.53,4.845,5.2675,5.9875,6.28,6.96
17/02/2020,4.085,4.5675,4.89,5.265,5.97,6.28,6.96
14/02/2020,4.275,4.6025,4.985,5.3625,6.035,6.3325,6.9875
13/02/2020,4.555,4.79,5.075,5.4325,6.08,6.3525,6.9525
12/02/2020,4.12,4.5425,4.83,5.2125,5.9525,6.2825,6.9075
11/02/2020,4.385,4.7575,4.955,5.3075,6,6.305,6.95
10/02/2020,4.57,4.9675,5.135,5.4375,6.105,6.38,7.0025
07/02/2020,4.875,4.97,5.16,5.4275,6.0575,6.36,6.9875
06/02/2020,4.615,4.9,5.055,5.355,6.005,6.3075,6.9275
05/02/2020,4.585,4.8475,5.045,5.3325,5.98,6.28,6.9275
04/02/2020,4.77,4.995,5.16,5.43,6.0375,6.335,6.9475
03/02/2020,5.715,5.51,5.6,5.73,6.225,6.48,7.08
31/01/2020,6.3775,5.7775,5.84,5.9375,6.3725,6.5575,7.14
30/01/2020,5.62,5.4125,5.545,5.7225,6.2225,6.475,7.08
29/01/2020,5.165,5.0175,5.22,5.4975,6.0625,6.335,6.9725
28/01/2020,5.435,5.2225,5.33,5.59,6.14,6.39,7.03
27/01/2020,6.015,5.6725,5.62,5.7775,6.2525,6.485,7.1025
24/01/2020,5.24,4.96,5.22,5.515,6.09,6.36,6.975
23/01/2020,5.055,4.86,5.19,5.5075,6.15,6.4,6.995
22/01/2020,4.37,4.4825,4.91,5.305,6.01,6.29,6.965
21/01/2020,4.52,4.6025,4.96,5.3375,6.0625,6.32,7.0075
20/01/2020,3.89,4.275,4.795,5.24,6,6.29,6.925
17/01/2020,4.015,4.28,4.865,5.2975,6.03,6.3025,6.9175
16/01/2020,4.165,4.365,4.95,5.355,6.1,6.3625,7.04
15/01/2020,4.3,4.715,5.09,5.505,6.245,6.495,7.0975
14/01/2020,4.51,4.8375,5.145,5.5175,6.26,6.5225,7.1075
13/01/2020,4.41,4.85,5.14,5.53,6.2725,6.54,7.1025
10/01/2020,4.55,4.8075,5.185,5.55,6.285,6.545,7.1175
09/01/2020,4.7525,4.8775,5.295,5.595,6.29,6.535,7.1375
08/01/2020,4.855,5.01,5.34,5.68,6.37,6.6425,7.265
07/01/2020,4.765,5.04,5.36,5.6925,6.4075,6.675,7.2825
06/01/2020,5.04,5.28,5.495,5.805,6.46,6.755,7.2475
03/01/2020,5.665,5.4875,5.765,5.995,6.58,6.805,7.34
02/01/2020,4.9,4.995,5.455,5.795,6.4275,6.675,7.26
01/01/2020,5.4,5.415,5.68,5.935,6.47,6.705,7.295
31/12/2019,5.275,5.36,5.67,5.9075,6.47,6.7,7.295
30/12/2019,4.195,4.825,5.385,5.735,6.4,6.645,7.2625
27/12/2019,3.705,4.39,5.17,5.5975,6.3375,6.61,7.23
26/12/2019,3.5,4.105,5.0525,5.57,6.325,6.6275,7.265
25/12/2019,3.175,3.9375,5.025,5.525,6.355,6.635,7.265
24/12/2019,3.05,3.9225,4.99,5.54,6.355,6.635,7.265
23/12/2019,3.005,3.945,4.9975,5.53,6.385,6.6375,7.285
20/12/2019,3.06,3.95,5.0475,5.53,6.3525,6.6475,7.2775
19/12/2019,3.2,4.1425,5.1225,5.685,6.4325,6.71,7.3
18/12/2019,3.315,4.1825,5.21,5.6925,6.4625,6.745,7.3525
17/12/2019,3.62,4.3475,5.235,5.745,6.4975,6.725,7.37
16/12/2019,3.795,4.4575,5.215,5.755,6.45,6.7225,7.3475
13/12/2019,4.495,4.67,5.43,5.8525,6.5475,6.8125,7.3825
12/12/2019,4.925,4.795,5.505,5.94,6.6,6.82,7.445
11/12/2019,5.125,4.9225,5.5975,6.0125,6.68,6.915,7.4775
10/12/2019,5.705,5.205,5.745,6.09,6.75,6.96,7.4875
09/12/2019,5.61,5.105,5.68,6.055,6.755,6.97,7.5
06/12/2019,5.675,4.925,5.6125,5.98,6.715,6.935,7.505
05/12/2019,5.46,4.8175,5.5225,5.9825,6.72,6.9375,7.51
04/12/2019,5.675,5.3075,5.6375,6.095,6.8025,6.98,7.5625
03/12/2019,5.925,5.5225,5.7075,6.1575,6.865,7.045,7.6275
02/12/2019,5.0925,4.8575,5.3075,5.8625,6.685,6.9075,7.5675
29/11/2019,4.56,4.4725,5.185,5.78,6.645,6.89,7.52
28/11/2019,4.395,4.41,5.1375,5.77,6.57,6.8725,7.525
27/11/2019,4.1,4.475,5.1275,5.7325,6.595,6.8475,7.54
26/11/2019,4.075,4.64,5.265,5.8575,6.6675,6.925,7.605
25/11/2019,4.315,5.03,5.565,6.1525,6.97,7.155,7.68
22/11/2019,4.62,5.195,5.705,6.275,7.015,7.21,7.71
21/11/2019,4.67,5.33,5.79,6.3175,7.0325,7.21,7.72
20/11/2019,4.5975,5.395,5.81,6.3075,7.085,7.265,7.72
19/11/2019,4.4725,5.355,5.75,6.2825,7.07,7.265,7.71
18/11/2019,4.4625,5.38,5.76,6.2825,7.075,7.265,7.72
15/11/2019,4.6525,5.37,5.835,6.4025,7.115,7.295,7.75
14/11/2019,5.155,5.73,6.145,6.55,7.2,7.345,7.725
13/11/2019,4.9425,5.495,5.95,6.4175,7.15,7.32,7.735
12/11/2019,4.5975,5.275,5.785,6.29,7.06,7.24,7.695
11/11/2019,4.62,5.04,5.745,6.2725,7.05,7.24,7.73
08/11/2019,4.785,5,5.8,6.2875,7.05,7.22,7.73
07/11/2019,4.865,5.095,5.82,6.3025,7.03,7.22,7.685
06/11/2019,4.73,5.07,5.82,6.2775,7.0075,7.2,7.695
05/11/2019,4.725,5.105,5.82,6.3125,7.05,7.24,7.73
04/11/2019,4.58,5,5.805,6.2775,7,7.2325,7.725
01/11/2019,4.81,5.07,5.82,6.295,7.02,7.1925,7.74
31/10/2019,5.31,5.35,5.885,6.335,6.7675,7.2,7.73
30/10/2019,4.665,5.02,5.62,6.105,6.625,7.0525,7.59
29/10/2019,5.075,5.265,5.64,6.13,6.65,7.0775,7.6
28/10/2019,4.975,5.22,5.585,6.1375,6.65,7.08,7.605
25/10/2019,5.07,5.13,5.59,6.13,6.69,7.15,7.62
24/10/2019,5.345,5.355,5.73,6.19,6.665,7.07,7.585
23/10/2019,5.41,5.48,5.745,6.19,6.6275,7.065,7.575
22/10/2019,5.455,5.535,5.7575,6.185,6.625,7.085,7.54
21/10/2019,5.6,5.665,5.825,6.24,6.645,7.05,7.55
18/10/2019,5.9,5.72,5.88,6.28,6.705,7.13,7.565
17/10/2019,5.865,5.805,6.005,6.38,6.75,7.15,7.585
16/10/2019,5.28,5.91,6.0725,6.415,6.82,7.2,7.585
15/10/2019,5.62,6.23,6.235,6.58,6.9,7.285,7.57
14/10/2019,5.53,6.195,6.2,6.545,6.895,7.29,7.62
11/10/2019,6.25,6.365,6.34,6.665,6.9675,7.335,7.62
10/10/2019,6.61,6.72,6.59,6.85,7.08,7.44,7.73
09/10/2019,6.3,6.92,6.69,6.925,7.15,7.48,7.73
08/10/2019,6.6,7.07,6.78,7.02,7.195,7.515,7.71
07/10/2019,6.27,6.855,6.655,6.915,7.14,7.48,7.7
04/10/2019,6.3525,6.74,6.66,6.9125,7.125,7.475,7.695
03/10/2019,7.1625,7.285,7.075,7.19,7.32,7.615,7.79
02/10/2019,6.9775,7.275,7.075,7.1375,7.28,7.57,7.7475
01/10/2019,6.345,6.86,6.8025,6.93,7.1625,7.525,7.65
30/09/2019,5.82,6.55,6.6025,6.75,6.9925,7.335,7.58
27/09/2019,6.08,6.13,6.59,6.735,6.98,7.34,7.585
26/09/2019,6.11,6.165,6.6625,6.78,6.975,7.28,7.595
25/09/2019,6.22,6.34,6.6775,6.775,7,7.4,7.635
24/09/2019,6.44,6.51,6.695,6.74,6.99,7.355,7.635
23/09/2019,6.04,6.16,6.525,6.61,6.92,7.3,7.57
20/09/2019,5.665,5.855,6.3175,6.46,6.835,7.2225,7.375
19/09/2019,5.7375,5.96,6.485,6.5475,6.83,7.16,7.37
18/09/2019,6.12,6.205,6.515,6.5325,6.835,7.19,7.5075
17/09/2019,6.76,6.5775,6.6275,6.605,6.8675,7.2075,7.53
16/09/2019,6.73,6.565,6.6225,6.6,6.835,7.215,7.525
13/09/2019,6.56,6.2175,6.4525,6.51,6.82,7.15,7.45
12/09/2019,6.7025,6.33,6.585,6.5975,6.87,7.18,7.535
11/09/2019,6.335,6.27,6.3925,6.51,6.835,7.175,7.5
10/09/2019,6.215,6.1975,6.365,6.5425,6.87,7.2075,7.48
09/09/2019,6.55,6.465,6.5925,6.7,6.935,7.2925,7.575
06/09/2019,7.05,6.65,6.8575,6.915,7.1175,7.425,7.78
05/09/2019,7.55,6.91,7.07,7.0875,7.25,7.53,7.795
04/09/2019,6.94,7.4275,7.395,7.3375,7.435,7.6675,7.835
03/09/2019,7.76,8.03,7.89,7.6275,7.61,7.7675,7.915
02/09/2019,7.735,7.91,7.755,7.545,7.53,7.6825,7.835
30/08/2019,8.4,8.065,7.8925,7.63,7.575,7.685,7.81
29/08/2019,7.815,7.85,7.8,7.6,7.535,7.65,7.775
28/08/2019,7.935,8.15,7.8575,7.605,7.615,7.7,7.815
27/08/2019,8.265,8.3125,7.915,7.625,7.605,7.7225,7.845
26/08/2019,8.53,8.45,8,7.7075,7.6675,7.745,7.855
23/08/2019,9.0775,8.5,8.085,7.755,7.705,7.8225,7.8875
22/08/2019,7.35,7.5,7.55,7.35,7.41,7.61,7.755
21/08/2019,7.135,7.55,7.49,7.345,7.405,7.56,8.33
20/08/2019,7.4175,7.8025,7.62,7.435,7.4375,7.575,8.335
19/08/2019,7.45,7.8875,7.675,7.45,7.4475,7.565,8.325
16/08/2019,8.295,7.855,7.965,7.685,7.61,7.6925,8.38
15/08/2019,9.065,8.31,8.32,7.925,7.825,7.875,8.495
14/08/2019,8.84,8.415,8.295,7.9675,7.8675,7.9025,7.72
13/08/2019,7.715,7.5925,7.79,7.58,7.585,7.6875,7.82
12/08/2019,8.485,8.4,8.365,8.0425,7.92,7.94,8.03
09/08/2019,8.465,8.005,8.06,7.805,7.755,7.7725,7.88
08/08/2019,7.89,7.475,7.63,7.465,7.505,7.56,7.655
07/08/2019,8.44,7.89,7.92,7.665,7.6925,7.755,7.835
06/08/2019,7.645,7.31,7.455,7.305,7.36,7.49,7.64
05/08/2019,8.535,8.065,8.015,7.76,7.705,7.74,7.865
02/08/2019,7.67,7.005,7.21,7.105,7.24,7.41,7.69
01/08/2019,6.915,6.255,6.5625,6.625,6.935,7.185,7.565
31/07/2019,4.835,5.0925,5.7925,6.08,6.5375,6.8475,7.295
30/07/2019,5.45,5.49,5.8625,6.1925,6.5975,6.92,7.36
29/07/2019,5.435,5.43,5.8475,6.11,6.53,6.8575,7.28
26/07/2019,5.515,5.33,5.76,6.095,6.5025,6.8625,7.265
25/07/2019,5.815,5.5375,5.965,6.19,6.5825,6.945,7.33
24/07/2019,6.155,5.9175,6.1175,6.285,6.6275,6.99,7.415
23/07/2019,6.235,5.96,6.085,6.275,6.6225,6.9925,7.425
22/07/2019,6.31,6.0475,6.095,6.265,6.595,6.99,7.4
19/07/2019,6.81,6.165,6.29,6.4,6.725,7.075,7.45
18/07/2019,6.695,6.22,6.355,6.45,6.7475,7.12,7.545
17/07/2019,5.195,5.9025,6.025,6.25,6.5875,6.9925,7.465
16/07/2019,5.095,5.835,5.91,6.14,6.51,6.9225,7.38
15/07/2019,5.15,5.87,5.915,6.135,6.5175,6.9325,7.435
12/07/2019,5.19,5.6625,5.805,6.065,6.49,6.93,7.425
11/07/2019,4.91,5.495,5.7,5.97,6.4125,6.8525,7.335
10/07/2019,4.995,5.5225,5.685,5.925,6.415,6.86,7.355
09/07/2019,5.27,5.675,5.735,6.015,6.4875,6.95,7.43
08/07/2019,5.18,5.66,5.7475,6.015,6.5025,6.985,7.495
05/07/2019,5.395,5.6725,5.795,6.055,6.5475,7.0175,7.48
04/07/2019,5.6625,5.87,5.99,6.165,6.62,7.0325,7.5
03/07/2019,5.79,6.0975,6.12,6.345,6.7075,7.1225,7.6
02/07/2019,5.675,6.0225,6.035,6.275,6.6825,7.095,7.56
01/07/2019,5.975,6.295,6.2125,6.44,6.7625,7.18,7.61
28/06/2019,7.365,6.5875,6.5925,6.725,6.9725,7.335,7.76
27/06/2019,7.04,6.4325,6.5975,6.7,6.9375,7.32,7.735
26/06/2019,6.74,6.405,6.6575,6.775,7.0375,7.3825,7.785
25/06/2019,6.99,6.735,6.815,6.935,7.16,7.495,7.9
24/06/2019,6.5825,6.435,6.585,6.795,7.045,7.405,7.83
21/06/2019,6.75,6.315,6.555,6.79,7.075,7.43,7.855
20/06/2019,6.59,6.225,6.565,6.815,7.07,7.445,7.86
19/06/2019,6.015,5.97,6.355,6.655,6.995,7.42,7.835
18/06/2019,6.4325,6.215,6.36,6.695,7.04,7.435,7.875
17/06/2019,6.2525,6.065,6.24,6.61,6.97,7.385,7.825
14/06/2019,6.275,6.26,6.44,6.795,7.125,7.51,7.915
13/06/2019,6.2375,6.2525,6.485,6.82,7.1,7.51,7.91
12/06/2019,6.465,6.55,6.555,6.835,7.135,7.515,7.93
11/06/2019,6.415,6.51,6.495,6.7625,7.14,7.515,7.92
10/06/2019,6.6525,6.625,6.585,6.82,7.135,7.54,7.91
07/06/2019,6.835,6.6175,6.71,6.96,7.265,7.605,7.99
06/06/2019,7.1525,6.965,7.035,7.175,7.345,7.675,8.07
05/06/2019,6.5275,7.105,7.015,7.185,7.39,7.71,8.07
04/06/2019,6.63,7.27,7.095,7.26,7.465,7.775,8.075
03/06/2019,6.73,7.27,7.025,7.19,7.39,7.72,8.035
31/05/2019,6.6925,6.895,6.795,7.03,7.33,7.715,8.075
30/05/2019,5.73,6.195,6.395,6.6775,7.0275,7.47,7.915
29/05/2019,6.18,6.3675,6.635,6.8675,7.1375,7.5425,8.005
28/05/2019,6.025,6.2175,6.4275,6.68,6.98,7.3925,7.895
27/05/2019,6.0325,6.295,6.5075,6.73,7.03,7.415,7.945
24/05/2019,6.345,6.38,6.585,6.83,7.0725,7.4575,8.01
23/05/2019,6.205,6.31,6.5225,6.8,7.075,7.4975,8.03
22/05/2019,5.0225,5.6025,6.0975,6.4275,6.8125,7.3,7.87
21/05/2019,5.03,5.7125,6.15,6.475,6.845,7.305,7.945
20/05/2019,5.3725,6.12,6.44,6.6975,7.0025,7.425,8.0425
17/05/2019,5.7825,6.01,6.525,6.7775,7.0925,7.5,8.105
16/05/2019,5.565,5.8475,6.4375,6.6825,6.9975,7.41,8.0475
15/05/2019,6.055,6.3175,6.705,6.8875,7.1325,7.5,8.0925
14/05/2019,6.025,6.355,6.6925,6.9075,7.1675,7.53,8.1475
13/05/2019,7.32,7.13,7.005,7.1275,7.3025,7.62,8.2475
10/05/2019,6.545,6.3275,6.5425,6.7825,7.0775,7.475,8.1
09/05/2019,8.02,7.125,7.035,7.08,7.295,7.6775,8.29
08/05/2019,6.88,6.51,6.61,6.82,7.1,7.55,8.22
07/05/2019,6.595,6.315,6.42,6.67,7.01,7.485,8.235
06/05/2019,5.9675,5.735,5.9425,6.3275,6.7725,7.3075,8.125
03/05/2019,4.89,4.985,5.5875,6.0875,6.615,7.18,8
02/05/2019,4.765,4.95,5.5625,6.0775,6.58,7.165,7.97
01/05/2019,5.075,5.17,5.74,6.19,6.6775,7.26,8.035
30/04/2019,5.305,5.3875,5.87,6.2975,6.7425,7.2925,8.095
29/04/2019,4.9,5.07,5.6025,6.0775,6.5925,7.1875,8
26/04/2019,5.1,5.14,5.7175,6.1925,6.6775,7.2375,8.04
25/04/2019,5.44,5.3925,5.9,6.295,6.7225,7.265,8.04
24/04/2019,5.215,5.1325,5.55,6.05,6.5875,7.1475,7.94
23/04/2019,4.575,4.735,5.2225,5.82,6.4425,7.025,7.825
22/04/2019,4.465,4.6025,5.155,5.755,6.4025,6.9975,7.805
19/04/2019,4.325,4.465,5.165,5.755,6.39,7.0125,7.785
18/04/2019,4.41,4.515,5.175,5.78,6.4,7.0125,7.785
17/04/2019,4.225,4.65,5.23,5.785,6.43,7.0325,7.8
16/04/2019,4.235,4.73,5.2725,5.83,6.455,7.0575,7.805
15/04/2019,4.365,4.815,5.345,5.925,6.535,7.12,7.895
12/04/2019,4.53,4.7475,5.4025,5.975,6.5875,7.1575,7.915
11/04/2019,4.31,4.6725,5.42,6.02,6.6325,7.215,7.955
10/04/2019,4.635,5.055,5.605,6.2,6.79,7.3325,8.08
09/04/2019,4.695,5.125,5.615,6.2,6.7975,7.32,8.055
08/04/2019,4.64,5.0275,5.5625,6.165,6.7925,7.3025,8.04
05/04/2019,4.75,4.86,5.55,6.11,6.7575,7.29,8.04
04/04/2019,5.175,5.16,5.745,6.305,6.89,7.4,8.08
03/04/2019,5.365,5.315,5.905,6.415,6.97,7.48,8.11
02/04/2019,5.39,5.4,5.9275,6.4275,6.975,7.455,8.115
01/04/2019,5.455,5.5225,5.9975,6.51,7.045,7.5,8.355
29/03/2019,6.11,5.9475,6.3725,6.705,7.1425,7.6025,8.3525
28/03/2019,6.6375,6.385,6.6125,6.9575,7.3525,7.8,8.505
27/03/2019,6.09,5.9725,6.3725,6.7975,7.295,7.7525,8.5425
26/03/2019,5.6225,5.67,6.175,6.6525,7.1775,7.655,8.41
25/03/2019,6.0825,6.1175,6.455,6.875,7.3575,7.8325,8.585
22/03/2019,6.7025,6.275,6.495,6.91,7.3675,7.835,8.705
21/03/2019,5.9575,5.63,6.065,6.5275,7.125,7.63,8.5775
20/03/2019,5.655,5.405,5.91,6.4225,7.05,7.54,8.535
19/03/2019,4.8525,5.065,5.63,6.2725,6.93,7.465,8.4425
18/03/2019,4.8,5.075,5.5775,6.2875,6.995,7.53,8.51
15/03/2019,5.035,5.105,5.665,6.3575,7.0875,7.595,8.505
14/03/2019,5.26,5.245,5.805,6.435,7.13,7.635,8.545
13/03/2019,4.935,5.275,5.815,6.4925,7.1675,7.705,8.6025
12/03/2019,5.2525,5.5375,5.9325,6.58,7.24,7.7575,8.6625
11/03/2019,5.345,5.6275,6.04,6.6825,7.3025,7.8075,8.7225
08/03/2019,5.76,5.745,6.105,6.74,7.345,7.83,8.73
07/03/2019,5.59,5.56,6.105,6.685,7.34,7.82,8.755
06/03/2019,5.0625,5.4,5.92,6.5825,7.2875,7.79,8.755
05/03/2019,4.965,5.405,5.9,6.5725,7.2325,7.75,8.6575
04/03/2019,5.235,5.67,6.0725,6.68,7.3275,7.82,8.685
01/03/2019,5.41,5.59,6.06,6.695,7.29,7.8,8.74
28/02/2019,5.3,5.58,6.135,6.745,7.335,7.84,8.715
27/02/2019,5.3,5.705,6.2,6.825,7.4,7.88,8.78
26/02/2019,5.045,5.5,6.115,6.76,7.3725,7.8825,8.7225
25/02/2019,4.8075,5.365,6.085,6.7375,7.3675,7.87,8.755
22/02/2019,4.84,5.445,6.1175,6.785,7.4175,7.9075,8.8075
21/02/2019,5.1025,5.725,6.39,6.995,7.5925,8.0875,8.8975
20/02/2019,5.295,5.69,6.45,7.08,7.655,8.165,8.9325
19/02/2019,5.31,5.7975,6.535,7.1125,7.705,8.165,8.9575
18/02/2019,5.575,5.99,6.7275,7.295,7.8,8.2625,9.0125
15/02/2019,5.835,6.145,6.775,7.315,7.83,8.295,9.04
14/02/2019,5.73,6.19,6.74,7.32,7.845,8.29,9.04
13/02/2019,5.51,6.01,6.665,7.305,7.85,8.305,9.065
12/02/2019,5.49,6.045,6.835,7.39,7.8925,8.3575,9.0725
11/02/2019,5.5275,6.055,6.865,7.41,7.905,8.36,9.0475
08/02/2019,5.75,6.11,6.9175,7.4225,7.93,8.325,9.0175
07/02/2019,5.88,6.405,6.975,7.46,7.945,8.325,9.0075
06/02/2019,5.78,6.2025,6.89,7.435,7.925,8.3025,8.9775
05/02/2019,5.655,6.115,6.855,7.405,7.9,8.295,8.9625
04/02/2019,6.0125,6.285,6.9475,7.485,7.935,8.3025,8.98
01/02/2019,6.085,6.3175,6.945,7.4825,7.9525,8.3375,8.9625
31/01/2019,6.7075,6.765,7.24,7.685,8.11,8.465,9.0175
30/01/2019,6.5,6.595,7.185,7.61,8.09,8.4375,9.0225
29/01/2019,6.87,6.8125,7.29,7.68,8.155,8.4775,9.0675
28/01/2019,6.71,6.7525,7.195,7.65,8.125,8.42,9.0525
25/01/2019,6.5,6.4575,7.075,7.585,8.09,8.4275,9.015
24/01/2019,6.635,6.5775,7.16,7.61,8.12,8.435,9
23/01/2019,6.675,6.7475,7.21,7.645,8.15,8.465,8.9825
22/01/2019,7.01,6.995,7.37,7.77,8.215,8.5025,8.995
21/01/2019,6.8725,6.9575,7.44,7.815,8.245,8.51,8.98
18/01/2019,7.0325,6.9175,7.555,7.89,8.295,8.5475,9.01
17/01/2019,7.12,7.1775,7.735,8.0325,8.3925,8.625,9.0175
16/01/2019,7.115,7.625,7.9075,8.125,8.475,8.6775,9.0125
15/01/2019,7.4725,7.93,8.055,8.2325,8.5025,8.6725,8.9975
14/01/2019,7.565,8.0575,8.22,8.3,8.515,8.6925,9.03
11/01/2019,7.6025,7.9,8.125,8.255,8.485,8.665,9.015
10/01/2019,8.3,8.21,8.355,8.415,8.5775,8.76,9.095
09/01/2019,8.1925,8.215,8.1725,8.2525,8.4675,8.6825,9.0125
08/01/2019,7.735,8.065,8.075,8.175,8.405,8.6075,8.93
07/01/2019,7.96,8.31,8.36,8.375,8.475,8.67,8.955
04/01/2019,9.335,8.9175,8.6725,8.6225,8.64,8.8225,9.0925
03/01/2019,10.91,9.9625,9.31,9.0775,9.0175,9.1575,9.3525
02/01/2019,8.685,8.53,8.5875,8.6125,8.71,8.9,9.165
01/01/2019,8.605,8.68,8.5775,8.5875,8.6875,8.8125,9.19
31/12/2018,8.335,8.595,8.5625,8.565,8.6775,8.8225,9.135
28/12/2018,8.4725,8.4,8.525,8.545,8.64,8.815,9.145
27/12/2018,8.3075,8.385,8.3725,8.425,8.5875,8.765,9.125
26/12/2018,8.16,8.0425,8.2625,8.34,8.5,8.72,9.08
25/12/2018,8.0775,8.1575,8.215,8.2725,8.4725,8.6975,9.085
24/12/2018,7.835,8.07,8.24,8.255,8.47,8.7,9.08
21/12/2018,7.455,7.55,7.98,8.14,8.3825,8.6625,9.0425
20/12/2018,6.66,7.2375,7.7925,8.0025,8.3475,8.6225,9.07
19/12/2018,5.43,6.245,6.9975,7.445,7.97,8.2775,8.8875
18/12/2018,5.925,6.445,6.985,7.395,7.9175,8.265,8.9
17/12/2018,5.5425,6.08,6.83,7.2575,7.8275,8.18,8.86
14/12/2018,5.28,5.645,6.61,7.1725,7.75,8.1025,8.825
13/12/2018,5.555,5.685,6.635,7.175,7.77,8.135,8.845
12/12/2018,6.115,6.085,6.85,7.365,7.91,8.2575,8.935
11/12/2018,6.535,6.255,6.835,7.355,7.915,8.27,8.94
10/12/2018,6.89,6.365,6.9575,7.3925,7.925,8.2875,8.945
07/12/2018,7.055,6.215,6.91,7.4125,7.93,8.2775,8.9625
06/12/2018,7.59,6.5425,7.095,7.5325,8.04,8.3625,9.0225
05/12/2018,6.0025,5.83,6.66,7.2375,7.855,8.2125,8.9575
04/12/2018,6.425,6.2375,6.87,7.375,7.965,8.3175,8.9925
03/12/2018,5.95,5.9875,6.72,7.24,7.9,8.245,8.9575
30/11/2018,6.425,6.3425,6.84,7.3825,7.9825,8.34,9.0075
29/11/2018,6.5275,6.4925,6.96,7.465,8.0375,8.38,9.03
28/11/2018,6.3725,6.4825,6.92,7.4475,8.0425,8.39,9.04
27/11/2018,6.13,6.4875,6.925,7.46,8.0475,8.3975,9.03
26/11/2018,6.2325,6.6025,6.995,7.535,8.0875,8.43,9.055
23/11/2018,6.3325,6.67,6.9725,7.5525,8.0975,8.4425,9.0725
22/11/2018,6.145,6.6825,6.9875,7.5625,8.1075,8.4575,9.0775
21/11/2018,6.2125,6.765,7.095,7.6,8.1525,8.4875,9.095
20/11/2018,6.725,7.2325,7.3625,7.7675,8.2375,8.5575,9.145
19/11/2018,6.7375,6.995,7.3375,7.8,8.245,8.58,9.1825
16/11/2018,6.865,6.9875,7.335,7.825,8.3,8.6175,9.1975
15/11/2018,6.8025,6.895,7.355,7.7625,8.265,8.6125,9.2125
14/11/2018,6.3,6.7575,7.2025,7.6325,8.1825,8.515,9.125
13/11/2018,6.1175,6.6525,7.06,7.5375,8.0925,8.4425,9.0775
12/11/2018,6.11,6.68,7.085,7.6325,8.11,8.4525,9.075
09/11/2018,5.9825,6.39,7.02,7.5725,8.105,8.4625,9.06
08/11/2018,6.065,6.32,6.92,7.4575,8.01,8.37,9.01
07/11/2018,6.34,6.47,7.005,7.4725,8.04,8.3975,9.0175
06/11/2018,7.38,7.025,7.2125,7.62,8.1375,8.47,9.055
05/11/2018,7.115,6.875,7.18,7.5775,8.1525,8.4875,9.07
02/11/2018,7.065,6.67,7.15,7.59,8.165,8.5,9.07
01/11/2018,7.2975,6.7825,7.31,7.6575,8.1975,8.545,9.13
31/10/2018,7.17,6.885,7.3,7.6775,8.215,8.53,9.13
30/10/2018,7.3475,7.12,7.365,7.7975,8.2675,8.5925,9.18
29/10/2018,7.6125,7.2825,7.47,7.92,8.3775,8.6925,9.235
26/10/2018,8.295,7.425,7.57,7.98,8.4425,8.7525,9.2725
25/10/2018,6.9325,6.81,7.265,7.7475,8.245,8.585,9.17
24/10/2018,6.9075,6.99,7.3,7.78,8.33,8.66,9.1775
23/10/2018,6.55,6.84,7.15,7.665,8.225,8.5675,9.135
22/10/2018,5.7775,6.47,6.8575,7.4875,8.105,8.465,9.07
19/10/2018,6.0675,6.49,6.88,7.5325,8.11,8.47,9.07
18/10/2018,6.3575,6.795,7.065,7.65,8.1775,8.5275,9.075
17/10/2018,6.085,6.6675,6.995,7.54,8.1275,8.485,9.07
16/10/2018,5.8925,6.74,6.98,7.5525,8.1125,8.4825,9.09
15/10/2018,6.5075,7.2475,7.285,7.8075,8.285,8.6225,9.18
12/10/2018,6.665,7.065,7.235,7.795,8.2725,8.6275,9.1575
11/10/2018,7.065,7.375,7.5025,7.9525,8.37,8.7125,9.2125
10/10/2018,6.945,7.455,7.44,7.875,8.36,8.7325,9.1625
09/10/2018,6.4775,7.2225,7.2625,7.76,8.2525,8.6075,9.1725
08/10/2018,6.945,7.475,7.3375,7.8,8.27,8.62,9.19
05/10/2018,6.42,7.01,7.13,7.685,8.2125,8.555,9.145
04/10/2018,6.66,7.015,7.165,7.7175,8.18,8.54,9.115
03/10/2018,6.3,6.52,7.005,7.55,8.09,8.46,9.045
02/10/2018,5.965,6.365,6.955,7.435,8,8.375,8.975
01/10/2018,5.945,6.345,6.96,7.445,8,8.405,8.99
28/09/2018,5.9175,6.145,6.92,7.4375,7.9975,8.3925,8.975
27/09/2018,6.135,6.2275,7.025,7.5175,8.0725,8.435,9.0475
26/09/2018,5.865,6.11,6.98,7.45,8.0375,8.4175,9.035
25/09/2018,6.14,6.41,7.17,7.5825,8.1475,8.5175,9.12
24/09/2018,6.15,6.385,7.215,7.64,8.1675,8.51,9.115
21/09/2018,6.35,6.35,7.235,7.685,8.19,8.54,9.11
20/09/2018,6.16,6.275,7.165,7.56,8.125,8.4875,9.065
19/09/2018,6.27,6.445,7.14,7.58,8.1875,8.545,9.16
18/09/2018,6.2675,6.46,7.14,7.595,8.165,8.52,9.11
17/09/2018,6.13,6.35,7.085,7.595,8.15,8.51,9.105
14/09/2018,6.36,6.415,7.2,7.67,8.1925,8.5275,9.125
13/09/2018,6.44,6.445,7.285,7.675,8.2,8.54,9.125
12/09/2018,6.095,6.575,7.315,7.695,8.255,8.58,9.135
11/09/2018,6.3,6.68,7.37,7.775,8.33,8.63,9.175
10/09/2018,6.31,6.69,7.395,7.845,8.355,8.67,9.195
07/09/2018,6.575,6.6425,7.4825,7.86,8.425,8.74,9.2575
06/09/2018,6.65,6.7125,7.4375,7.81,8.4025,8.695,9.225
05/09/2018,6.385,6.6575,7.26,7.655,8.255,8.58,9.135
04/09/2018,6.285,6.78,7.29,7.695,8.28,8.59,9.1425
03/09/2018,6.1025,6.6675,7.2675,7.7025,8.275,8.6,9.155
31/08/2018,6.43,6.71,7.36,7.73,8.3,8.6175,9.1625
30/08/2018,6.545,6.85,7.45,7.78,8.325,8.615,9.175
29/08/2018,5.9075,6.3675,7.225,7.6,8.18,8.475,9.0725
28/08/2018,5.715,6.2925,7.115,7.5275,8.1125,8.4625,9.065
27/08/2018,5.815,6.415,7.195,7.605,8.1925,8.51,9.095
24/08/2018,6.0675,6.515,7.305,7.72,8.245,8.5475,9.125
23/08/2018,6.405,6.7925,7.535,7.82,8.335,8.6125,9.165
22/08/2018,6.405,6.925,7.5175,7.845,8.31,8.605,9.1225
21/08/2018,6.435,6.94,7.47,7.8,8.275,8.5775,9.145
20/08/2018,6.6125,7.1425,7.6525,7.905,8.41,8.705,9.265
17/08/2018,7.11,7.1875,7.77,8.025,8.48,8.73,9.2925
16/08/2018,7.0025,7.09,7.885,8.08,8.505,8.75,9.275
15/08/2018,7.355,7.5025,8.09,8.24,8.61,8.825,9.3425
14/08/2018,6.62,7.0225,7.665,7.965,8.405,8.66,9.2125
13/08/2018,7.3325,7.4975,7.96,8.18,8.555,8.81,9.34
10/08/2018,7.1325,7.1125,7.7975,8.05,8.54,8.75,9.3575
09/08/2018,5.9,6.25,7.33,7.635,8.19,8.48,9.195
08/08/2018,5.9725,6.2725,7.255,7.58,8.1525,8.4575,9.135
07/08/2018,5.7675,6.1975,7.15,7.565,8.105,8.4275,9.1025
06/08/2018,5.865,6.35,7.165,7.59,8.155,8.4475,9.1025
03/08/2018,6.285,6.375,7.235,7.665,8.2125,8.48,9.1325
02/08/2018,6.58,6.5275,7.38,7.695,8.225,8.485,9.1375
01/08/2018,6.53,6.6975,7.2875,7.65,8.1575,8.44,9.0825
31/07/2018,6.4975,6.595,7.145,7.52,8.0075,8.325,8.9775
30/07/2018,8.11,7.5475,7.615,7.855,8.28,8.5325,9.1925
27/07/2018,8.0375,7.305,7.58,7.845,8.255,8.5225,9.175
26/07/2018,8.055,7.3875,7.71,7.875,8.295,8.55,9.175
25/07/2018,7.685,7.39,7.5875,7.8425,8.245,8.5125,9.1575
24/07/2018,7.8975,7.6275,7.75,7.9825,8.36,8.6175,9.2175
23/07/2018,7.935,7.755,7.81,8.04,8.385,8.6275,9.23
20/07/2018,8.0525,7.5375,7.655,7.875,8.305,8.565,9.1875
19/07/2018,7.075,6.975,7.46,7.74,8.24,8.5025,9.1225
18/07/2018,6.56,6.8475,7.285,7.665,8.15,8.45,9.0825
17/07/2018,6.4675,6.9025,7.275,7.665,8.13,8.44,9.065
16/07/2018,6.095,6.7925,7.165,7.59,8.105,8.4,9.0475
13/07/2018,6.43,6.7725,7.23,7.62,8.16,8.455,9.0875
12/07/2018,6.675,7.01,7.445,7.81,8.235,8.5,9.1375
11/07/2018,6.87,7.1075,7.335,7.645,8.15,8.3875,9.0575
10/07/2018,5.9975,6.5725,7.02,7.455,8.02,8.2925,8.9925
09/07/2018,5.39,6.2,6.795,7.31,7.925,8.2325,8.9275
06/07/2018,5.84,6.37,6.995,7.46,8.03,8.335,8.9875
05/07/2018,6.4275,6.775,7.27,7.595,8.1775,8.4425,9.0625
04/07/2018,6.66,7.075,7.535,7.855,8.29,8.5375,9.0825
03/07/2018,6.785,7.215,7.615,7.88,8.295,8.5475,9.1075
02/07/2018,6.73,7.19,7.57,7.855,8.29,8.5475,9.1
29/06/2018,6.88,6.95,7.5,7.89,8.255,8.5225,9.0875
28/06/2018,7.035,7.0775,7.635,7.92,8.325,8.5875,9.1475
27/06/2018,7.21,7.33,7.65,8.0825,8.39,8.645,9.1925
26/06/2018,7.0375,7.16,7.59,8.02,8.355,8.605,9.17
25/06/2018,7.2325,7.3125,7.65,8.1075,8.42,8.6625,9.2475
22/06/2018,6.83,6.8275,7.3775,7.9525,8.325,8.5775,9.1825
21/06/2018,6.8675,7.0025,7.52,7.985,8.37,8.5875,9.19
20/06/2018,6.42,6.755,7.315,7.9,8.27,8.5275,9.1425
19/06/2018,7.26,7.365,7.69,8.115,8.47,8.69,9.3025
18/06/2018,6.305,6.615,7.165,7.76,8.245,8.5125,9.155
15/06/2018,6.385,6.475,7.11,7.705,8.185,8.46,9.125
14/06/2018,6.375,6.47,7.12,7.675,8.135,8.44,9.0725
13/06/2018,6.5275,6.7,7.16,7.725,8.185,8.4775,9.0975
12/06/2018,6.76,6.815,7.13,7.71,8.23,8.515,9.11
11/06/2018,7.02,6.97,7.25,7.83,8.31,8.59,9.165
08/06/2018,7.9525,7.28,7.505,8.03,8.425,8.6825,9.2725
07/06/2018,7.3075,6.965,7.36,7.865,8.25,8.5175,9.1325
06/06/2018,7.1025,6.84,7.24,7.75,8.18,8.4475,9.065
05/06/2018,7.1075,6.915,7.245,7.735,8.16,8.45,9.08
04/06/2018,7.095,6.995,7.265,7.75,8.16,8.4375,9.085
01/06/2018,7.525,7.16,7.425,7.8775,8.225,8.5075,9.1175
31/05/2018,8.235,7.645,7.8,8.105,8.34,8.5925,9.2275
30/05/2018,7.8775,8,8.02,8.275,8.495,8.7275,9.32
29/05/2018,8.2,8.1575,8.0525,8.2775,8.57,8.7975,9.4225
28/05/2018,6.86,7.2525,7.385,7.8475,8.2675,8.53,9.2475
25/05/2018,6.97,7.1475,7.365,7.8375,8.295,8.6,9.3225
24/05/2018,7.4275,7.43,7.595,8.025,8.4125,8.6675,9.3575
23/05/2018,7.015,7.27,7.425,7.9,8.365,8.645,9.3075
22/05/2018,6.01,6.6975,7.075,7.665,8.2275,8.525,9.2025
21/05/2018,6.0825,6.7625,7.0925,7.6925,8.22,8.515,9.22
18/05/2018,6.2175,6.6825,7.09,7.73,8.2325,8.5625,9.2375
17/05/2018,6.345,6.8725,7.2975,7.8025,8.315,8.585,9.2225
16/05/2018,6.435,6.985,7.3225,7.84,8.3125,8.5925,9.2225
15/05/2018,6.5925,7.04,7.25,7.7725,8.2525,8.5325,9.16
14/05/2018,5.685,6.53,6.965,7.56,8.0975,8.4025,9.0575
11/05/2018,6.1,6.3125,7.1,7.625,8.175,8.46,9.0975
10/05/2018,6.6175,6.685,7.42,7.84,8.29,8.5625,9.165
09/05/2018,6.7325,6.825,7.465,7.93,8.335,8.5825,9.1475
08/05/2018,6.47,6.71,7.4225,7.9175,8.3425,8.58,9.1575
07/05/2018,6.5425,6.8225,7.4575,7.915,8.335,8.585,9.14
04/05/2018,6.615,6.695,7.43,7.8775,8.3425,8.5875,9.1375
03/05/2018,6.995,6.94,7.5075,7.9275,8.365,8.5775,9.1325
02/05/2018,6.7075,6.79,7.4225,7.855,8.29,8.5475,9.0925
01/05/2018,6.865,6.9025,7.56,7.8975,8.29,8.5325,9.1
30/04/2018,6.47,6.6675,7.25,7.7275,8.1625,8.4225,8.995
27/04/2018,6.555,6.55,7.235,7.7575,8.195,8.4575,9.025
26/04/2018,6.8625,6.8025,7.405,7.9175,8.33,8.58,9.115
25/04/2018,7.4125,7.27,7.8,8.1475,8.5125,8.7325,9.2275
24/04/2018,7.4,7.49,7.725,8.11,8.4525,8.69,9.165
23/04/2018,7.445,7.4675,7.7775,8.175,8.4825,8.7025,9.2125
20/04/2018,6.6,6.63,7.345,7.8,8.23,8.5125,9.0325
19/04/2018,6.2225,6.3875,7.1225,7.65,8.0825,8.3725,8.9325
18/04/2018,6.1325,6.68,7.16,7.68,8.1325,8.3875,8.9325
17/04/2018,6.25,6.785,7.245,7.725,8.145,8.4175,8.9525
16/04/2018,6.54,6.97,7.3575,7.79,8.18,8.435,8.9575
13/04/2018,6.9975,6.97,7.4475,7.83,8.21,8.4675,9.01
12/04/2018,6.7225,7.0175,7.52,7.9,8.285,8.5425,9.055
11/04/2018,6.8925,7.2575,7.545,7.97,8.325,8.575,9.07
10/04/2018,6.965,7.3525,7.5925,7.995,8.345,8.5975,9.1075
09/04/2018,7.0125,7.3725,7.6325,8.0275,8.355,8.6075,9.11
06/04/2018,7.2575,7.29,7.7525,8.055,8.39,8.6375,9.1275
05/04/2018,7.4475,7.465,7.785,8.135,8.45,8.69,9.165
04/04/2018,7.5675,7.47,7.855,8.21,8.5,8.7275,9.2025
03/04/2018,7.5175,7.535,7.915,8.24,8.5275,8.7675,9.2225
02/04/2018,7.605,7.63,7.985,8.305,8.615,8.78,9.1925
30/03/2018,7.3775,7.415,8.06,8.3525,8.6875,8.8725,9.2325
29/03/2018,7.56,7.575,8.1425,8.4625,8.7525,8.9225,9.29
28/03/2018,7.9075,7.875,8.2875,8.5225,8.8075,8.985,9.2975
27/03/2018,7.495,7.775,8.275,8.515,8.7975,8.955,9.26
26/03/2018,7.6,7.9,8.31,8.515,8.79,8.96,9.2425
23/03/2018,8.4425,8.295,8.595,8.75,8.945,9.08,9.335
22/03/2018,7.835,7.9075,8.465,8.6175,8.865,9,9.28
21/03/2018,7.1625,7.585,8.12,8.375,8.665,8.84,9.1175
20/03/2018,7.965,8.105,8.4325,8.6,8.835,8.99,9.23
19/03/2018,8.3825,8.48,8.695,8.82,8.975,9.12,9.3375
16/03/2018,8.16,7.965,8.4,8.595,8.8525,9,9.2925
15/03/2018,8.3775,8.0725,8.5175,8.59,8.855,9.01,9.3275
14/03/2018,8.18,8.005,8.2625,8.445,8.715,8.88,9.2675
13/03/2018,8.045,7.91,8.015,8.37,8.67,8.835,9.2425
12/03/2018,7.94,7.9,8.035,8.37,8.6775,8.8875,9.285
09/03/2018,7.815,7.595,7.925,8.315,8.6625,8.8525,9.2575
08/03/2018,8.675,8.17,8.4575,8.665,8.89,9.06,9.4525
07/03/2018,8.595,8.6625,8.785,8.915,9.03,9.1625,9.5025
06/03/2018,8.49,8.5625,8.6125,8.775,8.915,9.0675,9.4275
05/03/2018,8.625,8.72,8.705,8.81,8.97,9.085,9.42
02/03/2018,9.7225,9.12,9.07,9.125,9.2,9.3,9.61
01/03/2018,9.0575,8.6,8.71,8.7375,8.895,8.995,9.375
28/02/2018,8.55,8.43,8.2325,8.4275,8.6075,8.745,9.195
27/02/2018,8.225,8.26,8.0725,8.315,8.5025,8.66,9.1375
26/02/2018,8.48,8.615,8.3475,8.5275,8.6925,8.855,9.285
23/02/2018,8.92,8.935,8.595,8.7325,8.8625,8.99,9.355
22/02/2018,9.4875,9.57,8.97,8.985,9.015,9.125,9.4675
21/02/2018,9.6025,9.15,8.8575,8.8825,8.9175,9.05,9.3925
20/02/2018,9.5975,9.21,9.0325,8.9625,8.9975,9.11,9.445
19/02/2018,9.685,9.42,9.235,9.195,9.23,9.335,9.66
16/02/2018,9.815,9.905,9.4125,9.3575,9.3475,9.42,9.67
15/02/2018,10.37,10.235,9.6,9.5325,9.4775,9.525,9.75
14/02/2018,9.5175,9.74,9.365,9.365,9.385,9.47,9.8
13/02/2018,9.195,9.43,9.26,9.2,9.3025,9.415,9.74
12/02/2018,8.6925,9.095,9.115,9.105,9.205,9.3125,9.68
09/02/2018,10.7575,10.22,9.875,9.7375,9.6225,9.695,9.965
08/02/2018,9.9625,9.8725,9.4175,9.3625,9.345,9.45,9.725
07/02/2018,9.0225,9.035,8.9275,8.9825,9.05,9.205,9.525
06/02/2018,9.2275,9.175,9.1525,9.135,9.215,9.3325,9.655
05/02/2018,9.92,9.5,9.155,9.115,9.1025,9.215,9.59
02/02/2018,8.2,7.995,8.3025,8.5425,8.705,8.86,9.2575
01/02/2018,8.115,7.8125,8.185,8.375,8.5575,8.745,9.165
31/01/2018,8.1275,7.88,8.205,8.365,8.595,8.79,9.2175
30/01/2018,9.2525,8.74,8.765,8.725,8.815,8.975,9.375
29/01/2018,8.9825,8.5175,8.555,8.56,8.58,8.76,9.2175
26/01/2018,9.56,8.54,8.505,8.52,8.575,8.77,9.2175
25/01/2018,8.97,8.23,8.3325,8.405,8.5325,8.745,9.1975
24/01/2018,8.515,7.935,8.02,8.215,8.4475,8.66,9.1675
23/01/2018,7.43,7.2,7.605,7.955,8.3175,8.54,9.0975
22/01/2018,7.205,7.06,7.59,7.895,8.2275,8.5,9.0825
19/01/2018,8.16,7.415,7.81,8.05,8.325,8.565,9.1325
18/01/2018,7.5525,7.165,7.635,7.93,8.2475,8.495,9.0825
17/01/2018,7.0725,7.2175,7.535,7.84,8.19,8.43,9.015
16/01/2018,7.015,7.135,7.46,7.78,8.1975,8.465,9.0375
15/01/2018,7.3275,7.3825,7.73,8.0075,8.3475,8.615,9.1625
12/01/2018,6.92,6.9,7.475,7.855,8.2825,8.55,9.145
11/01/2018,6.595,6.6475,7.325,7.725,8.15,8.435,9.0475
10/01/2018,7.035,7.03,7.495,7.86,8.295,8.525,9.12
09/01/2018,5.78,6.1925,6.925,7.42,7.935,8.24,8.8575
08/01/2018,5.315,5.98,6.855,7.38,7.895,8.185,8.8
05/01/2018,5.5,6.0825,7.065,7.59,8.1025,8.37,8.9825
04/01/2018,5.81,6.305,7.175,7.66,8.155,8.39,9.0175
03/01/2018,5.7825,6.345,7.25,7.7775,8.29,8.53,9.0775
02/01/2018,6.075,6.64,7.4725,7.9725,8.44,8.65,9.13
01/01/2018,5.86,6.5775,7.435,7.995,8.43,8.64,9.1025
29/12/2017,5.775,6.46,7.425,7.9625,8.42,8.6325,9.12
28/12/2017,5.555,6.495,7.465,7.9625,8.46,8.675,9.2025
27/12/2017,5.3875,6.165,7.4925,8.01,8.47,8.7125,9.2125
26/12/2017,5.5675,6.395,7.5825,8.0725,8.51,8.74,9.2375
25/12/2017,5.265,6.235,7.56,8.0475,8.5,8.7375,9.2525
22/12/2017,5.13,6.0375,7.48,8.035,8.4925,8.73,9.2425
21/12/2017,5.1775,6.255,7.5575,8.07,8.5225,8.75,9.2675
20/12/2017,5.445,6.4025,7.505,8.1,8.535,8.74,9.2225
19/12/2017,5.055,6.2,7.39,8.01,8.455,8.665,9.18
18/12/2017,5.3025,6.375,7.46,8.02,8.4675,8.67,9.165
15/12/2017,6.1425,6.425,7.485,8.09,8.4925,8.715,9.195
14/12/2017,6.18,6.4,7.44,7.99,8.4625,8.675,9.1425
13/12/2017,6.3925,6.64,7.4725,7.9525,8.415,8.5975,9.115
12/12/2017,6.685,6.7825,7.44,7.945,8.405,8.585,9.12
11/12/2017,7.33,7.18,7.81,8.275,8.75,8.905,9.41
08/12/2017,8.565,7.51,8.1325,8.585,8.935,9.075,9.525
07/12/2017,8.97,7.765,8.27,8.685,9.035,9.1475,9.555
06/12/2017,8.9525,7.9325,8.3525,8.79,9.125,9.235,9.675
05/12/2017,8.8375,7.89,8.305,8.75,9.13,9.265,9.76
04/12/2017,9.1225,8.1,8.37,8.83,9.185,9.31,9.8
01/12/2017,10.065,8.37,8.575,9.02,9.295,9.4075,9.865
30/11/2017,8.9275,7.985,8.15,8.72,9.1375,9.26,9.765
29/11/2017,7.71,7.91,8.1,8.7,9.13,9.29,9.8575
28/11/2017,7.3,7.75,8.025,8.665,9.135,9.295,9.8675
27/11/2017,7.415,7.8725,8.06,8.715,9.145,9.31,9.89
24/11/2017,7.295,7.6775,7.97,8.67,9.105,9.275,9.86
23/11/2017,7.3,8.145,8.17,8.775,9.215,9.38,9.95
22/11/2017,7.3,8.2,8.25,8.845,9.255,9.43,9.965
21/11/2017,6.885,8.1925,8.18,8.765,9.235,9.42,9.96
20/11/2017,7.065,8.21,8.235,8.87,9.275,9.45,9.985
17/11/2017,7.5475,8.2775,8.32,8.925,9.32,9.49,10.005
16/11/2017,7.045,7.9775,8.255,8.83,9.265,9.425,9.975
15/11/2017,7.685,8.56,8.475,8.965,9.36,9.53,10.045
14/11/2017,7.07,8.215,8.24,8.8,9.235,9.405,9.98
13/11/2017,7.115,7.73,8.255,8.845,9.26,9.445,10.03
10/11/2017,7.3525,7.53,8.18,8.825,9.22,9.405,9.99
09/11/2017,7.6175,7.67,8.285,8.815,9.24,9.41,9.99
08/11/2017,7.1275,7.185,8.01,8.575,9.0975,9.3,9.935
07/11/2017,6.8125,7.055,7.85,8.515,9.05,9.255,9.8825
06/11/2017,6.9175,7.1375,7.92,8.625,9.1025,9.305,9.91
03/11/2017,7.22,7.145,7.955,8.59,9.105,9.33,9.92
02/11/2017,7.895,7.53,8.17,8.735,9.215,9.395,9.995
01/11/2017,8,7.5875,8.265,8.77,9.23,9.42,9.98
31/10/2017,7.7,7.685,8.2,8.84,9.3,9.48,10.04
30/10/2017,7.93,7.885,8.345,8.985,9.39,9.58,10.1
27/10/2017,8.3,7.9575,8.48,9.12,9.52,9.69,10.165
26/10/2017,8.1475,7.9425,8.55,9.125,9.5375,9.69,10.1675
25/10/2017,8.4675,8.2625,8.585,9.15,9.555,9.71,10.175
24/10/2017,8.29,8.205,8.58,9.13,9.49,9.655,10.12
23/10/2017,8.28,8.285,8.575,9.19,9.565,9.72,10.16
20/10/2017,9.135,8.4825,8.645,9.255,9.59,9.72,10.155
19/10/2017,8.9375,8.345,8.59,9.205,9.56,9.705,10.145
18/10/2017,8.3375,8.3275,8.46,9.11,9.54,9.68,10.1375
17/10/2017,7.92,8.1075,8.345,9.025,9.465,9.62,10.0975
16/10/2017,7.9575,8.215,8.38,9.03,9.475,9.625,10.1
13/10/2017,8.655,8.46,8.565,9.15,9.535,9.6975,10.15
12/10/2017,8.985,8.67,8.8025,9.2325,9.6,9.745,10.165
11/10/2017,8.965,8.87,8.805,9.22,9.6,9.735,10.14
10/10/2017,9.1525,9.0075,8.83,9.185,9.57,9.7,10.105
09/10/2017,9.2875,9.09,8.88,9.225,9.555,9.7,10.105
06/10/2017,7.97,8.885,8.81,9.165,9.515,9.665,10.04
05/10/2017,7.695,8.82,8.755,9.155,9.475,9.61,10.015
04/10/2017,8.08,9.04,9.01,9.275,9.565,9.735,10.075
03/10/2017,7.9525,9.095,9.0975,9.3525,9.66,9.815,10.105
02/10/2017,8.24,9.835,9.615,9.62,9.86,9.965,10.185
29/09/2017,8.4325,9.94,9.8,9.86,9.995,10.105,10.295
28/09/2017,8.685,10.0675,9.9075,9.925,10.065,10.125,10.305
27/09/2017,9.35,10.0775,9.835,9.835,9.96,10.06,10.24
26/09/2017,9.195,9.78,9.7625,9.755,9.89,10,10.205
25/09/2017,9.495,9.88,9.8925,9.8475,9.93,10.015,10.1575
22/09/2017,9.585,9.655,9.85,9.765,9.8275,9.95,10.1
21/09/2017,9.02,9.49,9.82,9.755,9.855,9.955,10.1
20/09/2017,9.2825,9.265,9.72,9.63,9.8,9.905,10.08
19/09/2017,9.925,9.72,10,9.825,9.895,9.975,10.13
18/09/2017,9.895,9.57,9.68,9.67,9.8175,9.91,10.025
15/09/2017,9.6425,9.115,9.405,9.515,9.7,9.79,9.96
14/09/2017,9.66,9.0975,9.445,9.465,9.685,9.7975,9.955
13/09/2017,10.06,9.385,9.2725,9.4425,9.69,9.8125,9.9675
12/09/2017,9.4575,9.12,9.1325,9.385,9.685,9.785,9.965
11/09/2017,9.355,9.05,9.2,9.49,9.77,9.8925,10.015
08/09/2017,11.1025,9.8575,9.7475,9.815,10.0125,10.0925,10.15
07/09/2017,10.28,9.445,9.515,9.7375,10.05,10.1375,10.25
06/09/2017,8.78,9.1925,9.25,9.535,9.945,10.0725,10.26
05/09/2017,9.4425,9.7475,9.655,9.785,10.125,10.235,10.365
04/09/2017,8.65,9.075,9.1425,9.445,9.815,9.9475,10.18
01/09/2017,7.71,8.24,8.7475,9.075,9.58,9.745,10.0275
31/08/2017,8.2825,8.6775,8.94,9.2,9.64,9.785,10.085
30/08/2017,8,8.595,8.8625,9.1425,9.62,9.755,10.065
29/08/2017,8.03,8.63,8.9025,9.185,9.685,9.825,10.125
28/08/2017,7.06,7.925,8.455,8.805,9.395,9.56,10
25/08/2017,7.4175,8,8.54,8.91,9.445,9.5875,10.035
24/08/2017,7.99,8.46,8.88,9.11,9.575,9.7325,10.185
23/08/2017,8.3775,8.925,9.115,9.305,9.675,9.7975,10.18
22/08/2017,8.575,9.1125,9.135,9.3075,9.6475,9.82,10.265
21/08/2017,8.92,9.305,9.235,9.355,9.695,9.8575,10.295
18/08/2017,9.24,8.77,9.205,9.345,9.68,9.865,10.26
17/08/2017,8.4425,8.345,9.015,9.175,9.595,9.7925,10.23
16/08/2017,8.26,8.36,8.9025,9.11,9.505,9.705,10.215
15/08/2017,8.645,8.515,8.9225,9.14,9.535,9.755,10.26
14/08/2017,8.6575,8.6525,9.06,9.235,9.575,9.7825,10.255
11/08/2017,9.44,9.345,9.62,9.705,9.97,10.125,10.47
10/08/2017,9.12,9.2275,9.465,9.59,9.84,10.025,10.405
09/08/2017,8.4525,8.6625,9.18,9.3,9.69,9.8825,10.3775
08/08/2017,7.415,8.05,8.575,8.87,9.36,9.6225,10.195
07/08/2017,7.4575,8.12,8.61,8.885,9.36,9.62,10.245
04/08/2017,8.025,8.31,8.825,9.05,9.46,9.69,10.295
03/08/2017,8.57,8.7,9.13,9.235,9.615,9.835,10.455
02/08/2017,8.335,8.865,9,9.21,9.6,9.8275,10.4125
01/08/2017,8.275,8.85,8.95,9.18,9.59,9.815,10.435
31/07/2017,8.255,8.905,8.9875,9.1775,9.65,9.85,10.425
28/07/2017,8.22,8.475,8.78,9.1,9.595,9.8575,10.42
27/07/2017,7.96,8.295,8.675,8.945,9.45,9.7125,10.33
26/07/2017,7.955,8.005,8.66,8.95,9.43,9.715,10.295
25/07/2017,8.2575,8.215,8.7,8.945,9.445,9.745,10.375
24/07/2017,8.345,8.27,8.7825,9.07,9.605,9.91,10.51
21/07/2017,8.275,7.9475,8.555,8.955,9.525,9.88,10.545
20/07/2017,7.7875,7.82,8.5575,8.8425,9.4675,9.825,10.52
19/07/2017,7.9875,8.0375,8.5725,8.87,9.495,9.7725,10.52
18/07/2017,8.24,8.155,8.5725,8.88,9.47,9.7775,10.54
17/07/2017,7.59,7.705,8.24,8.62,9.3,9.645,10.455
14/07/2017,7.745,7.66,8.22,8.635,9.28,9.635,10.455
13/07/2017,7.8425,7.735,8.29,8.7,9.36,9.71,10.48
12/07/2017,7.8925,8.03,8.4875,8.87,9.445,9.7475,10.5175
11/07/2017,7.9,8.05,8.3475,8.76,9.335,9.6375,10.505
10/07/2017,7.84,7.9875,8.33,8.725,9.32,9.6275,10.49
07/07/2017,8.4025,8.2675,8.63,8.94,9.4575,9.7325,10.535
06/07/2017,8.55,8.34,8.715,8.925,9.48,9.7725,10.56
05/07/2017,8.385,8.5275,8.72,8.955,9.42,9.715,10.445
04/07/2017,7.88,8.24,8.49,8.735,9.175,9.4675,10.31
03/07/2017,7.99,8.27,8.485,8.715,9.185,9.46,10.315
30/06/2017,8.07,8.125,8.425,8.78,9.285,9.5625,10.385
29/06/2017,8.2475,8.27,8.65,9.02,9.43,9.63,10.43
28/06/2017,7.28,7.665,8.1025,8.5825,9.16,9.4075,10.28
27/06/2017,7.415,7.69,8.06,8.565,9.205,9.44,10.305
26/06/2017,6.7075,7.19,7.995,8.5,9.08,9.3425,10.2425
23/06/2017,6.89,7.25,8.125,8.6225,9.1225,9.38,10.25
22/06/2017,7.43,7.72,8.385,8.83,9.265,9.4925,10.345
21/06/2017,7.63,8.085,8.4475,8.8025,9.22,9.4075,10.2675
20/06/2017,7.42,7.84,7.9575,8.5325,8.9775,9.2425,10.16
19/06/2017,7.37,7.575,8.015,8.63,9.095,9.36,10.215
16/06/2017,7.955,7.785,8.11,8.71,9.155,9.415,10.27
15/06/2017,8.315,7.895,8.12,8.745,9.18,9.38,10.28
14/06/2017,7.955,7.81,8.07,8.865,9.425,9.625,10.415
13/06/2017,8.11,7.735,7.955,8.64,9.27,9.535,10.39
12/06/2017,8.325,8.035,8.21,8.84,9.425,9.65,10.49
09/06/2017,8.225,7.715,8.1,8.86,9.47,9.68,10.46
08/06/2017,8.6175,8.1425,8.4075,9.095,9.6375,9.82,10.505
07/06/2017,9.2725,8.605,8.65,9.3975,9.7425,9.9175,10.605
06/06/2017,9.5425,8.7825,8.6525,9.3675,9.7425,9.92,10.6
05/06/2017,8.7775,8.215,8.4175,9.1775,9.6225,9.825,10.535
02/06/2017,8.995,8.2475,8.47,9.2475,9.645,9.82,10.55
01/06/2017,8.7425,8.2375,8.5375,9.22,9.605,9.74,10.54
31/05/2017,8.1975,8.5425,8.6325,9.255,9.62,9.8025,10.555
30/05/2017,8.3725,8.665,8.64,9.2375,9.6075,9.77,10.54
29/05/2017,7.8575,8.4125,8.4925,8.9475,9.385,9.6,10.455
26/05/2017,8.2425,8.515,8.545,9.0125,9.44,9.6225,10.47
25/05/2017,7.7625,8.2225,8.3875,8.895,9.3075,9.5625,10.44
24/05/2017,8.0875,8.765,8.7575,9.1175,9.4375,9.6775,10.555
23/05/2017,8.37,8.9025,8.785,9.155,9.4975,9.7325,10.585
22/05/2017,8.2525,8.8275,8.72,9.1125,9.4375,9.6825,10.58
19/05/2017,9.21,9.265,9.105,9.365,9.61,9.815,10.65
18/05/2017,10.075,10.01,9.665,9.725,9.865,10.015,10.845
17/05/2017,9.37,9.455,9.21,9.465,9.71,9.87,10.6175
16/05/2017,7.8625,8.425,8.44,8.9025,9.34,9.5775,10.51
15/05/2017,7.58,8.3625,8.475,8.95,9.3375,9.5925,10.39
12/05/2017,7.845,7.8975,8.46,8.9575,9.325,9.6025,10.32
11/05/2017,8.075,8.08,8.6225,8.975,9.3325,9.5875,10.305
10/05/2017,8.155,8.24,8.6625,9.02,9.29,9.5325,10.175
09/05/2017,8.445,8.4175,8.665,8.955,9.215,9.4775,10.105
08/05/2017,7.345,7.66,8.2475,8.6625,9.0025,9.3125,9.925
05/05/2017,8.675,8.3325,8.83,9.1225,9.3075,9.5525,10.17
04/05/2017,8.68,8.3625,8.8925,9.17,9.365,9.5875,10.19
03/05/2017,8.5375,8.4475,8.97,9.245,9.425,9.6675,10.185
02/05/2017,8.765,8.6125,9.0575,9.355,9.52,9.7325,10.275
01/05/2017,8.66,8.485,9.12,9.33,9.52,9.73,10.245
28/04/2017,8.87,8.395,9.05,9.315,9.495,9.695,10.2025
27/04/2017,9.31,8.7825,9.225,9.3475,9.55,9.74,10.3125
26/04/2017,10.18,9.25,9.49,9.5225,9.6325,9.81,10.2575
25/04/2017,9.935,9.305,9.175,9.365,9.53,9.675,10.1725
24/04/2017,9.25,8.765,8.795,9.055,9.31,9.445,9.8075
21/04/2017,11.71,10.82,9.825,9.65,9.775,9.84,10.085
20/04/2017,10.825,10.505,9.625,9.57,9.705,9.785,9.98
19/04/2017,10.705,10.995,9.595,9.545,9.625,9.72,9.81
18/04/2017,11.5575,11.6775,9.985,9.7725,9.7875,9.8475,9.925
17/04/2017,12.79,12.515,10.4025,10.025,9.8925,9.94,10.045
14/04/2017,12.55,11.87,10.185,9.855,9.785,9.85,9.935
13/04/2017,12.0875,11.76,10.13,9.815,9.805,9.86,9.96
12/04/2017,12.2075,12.29,10.18,9.91,9.88,9.9,10.015
11/04/2017,10.9325,11.625,9.95,9.775,9.7775,9.78,9.98
10/04/2017,10.3,11.1375,9.725,9.5875,9.5875,9.65,9.89
07/04/2017,8.36,10.96,9.78,9.565,9.595,9.655,9.85
06/04/2017,8.435,10.885,9.65,9.51,9.51,9.56,9.805
05/04/2017,8.15,9.1025,9.375,9.305,9.345,9.4225,9.78
04/04/2017,8.1675,9.1925,9.5,9.44,9.4375,9.465,9.775
03/04/2017,7.9925,9,9.3775,9.34,9.3475,9.36,9.73
31/03/2017,8.5375,9.1075,9.58,9.535,9.5275,9.53,9.8725
30/03/2017,8.5125,8.9375,9.5175,9.4775,9.5025,9.575,9.89
29/03/2017,8.6775,9.1175,9.56,9.5525,9.6025,9.685,9.9375
28/03/2017,9.05,9.44,9.795,9.755,9.77,9.815,10.095
27/03/2017,9.495,9.8025,10.085,9.9625,9.8475,9.8675,10.115
24/03/2017,9.87,9.635,9.84,9.7675,9.7675,9.8,10.095
23/03/2017,10.045,9.9175,10.155,9.9475,9.975,9.99,10.2075
22/03/2017,9.625,9.185,10.05,9.825,9.86,9.89,10.205
21/03/2017,8.7575,8.6125,9.745,9.5875,9.64,9.64,10.0525
20/03/2017,7.645,8.005,9.45,9.335,9.55,9.55,10.0275
17/03/2017,7.99,8.055,9.475,9.33,9.455,9.39,9.95
16/03/2017,7.54,7.725,9.19,9.185,9.48,9.46,10.125
15/03/2017,8.7375,8.7775,9.9025,9.8375,10.035,9.965,10.465
14/03/2017,9.5275,9.27,10.1475,10.0525,10.1925,10.085,10.565
13/03/2017,9.1975,9.275,10.18,10.0925,10.19,10.095,10.575
10/03/2017,9.76,9.445,10.385,10.305,10.385,10.305,10.7025
09/03/2017,10.445,9.67,10.53,10.305,10.37,10.305,10.735
08/03/2017,10.115,9.5925,10.41,10.2525,10.3175,10.245,10.7325
07/03/2017,9.76,9.295,10.155,10.045,10.2,10.11,10.76
06/03/2017,9.92,9.505,10.27,10.115,10.24,10.2,10.855
03/03/2017,11.1325,10.0925,10.8975,10.55,10.5225,10.375,10.895
02/03/2017,12.36,10.605,11.455,10.87,10.795,10.645,11.08
01/03/2017,10.65,10.9,11.45,10.9,10.79,10.645,11.07
28/02/2017,9.835,10.325,11.19,10.755,10.675,10.535,11.02
27/02/2017,9.545,10.305,11.36,10.885,10.815,10.675,11.1675
24/02/2017,10.07,10.36,11.445,10.95,10.86,10.6975,11.1375
23/02/2017,10.075,10.97,11.75,11.2,11.035,10.835,11.2775
22/02/2017,10.17,11.115,11.82,11.29,11.12,10.905,11.2875
21/02/2017,10.015,11.06,11.66,11.135,10.98,10.78,11.2875
20/02/2017,9.925,11.16,11.675,11.175,10.995,10.79,11.3275
17/02/2017,10.015,11.155,11.355,11.02,10.91,10.755,11.2675
16/02/2017,9.98,10.98,11.255,10.97,10.865,10.7,11.2375
15/02/2017,9.85,10.18,11.355,11.055,10.96,10.8,11.3425
14/02/2017,10.59,10.715,11.985,11.4575,11.3025,11.15,11.5725
13/02/2017,11.35,11.23,12.28,11.725,11.42,11.24,11.6225
10/02/2017,12.075,11.66,12.33,11.81,11.48,11.265,11.6325
09/02/2017,12.32,11.66,12.41,11.805,11.515,11.255,11.6475
08/02/2017,11.895,11.46,12.255,11.74,11.45,11.265,11.7075
07/02/2017,12.255,11.6025,11.8675,11.755,11.485,11.34,11.8425
06/02/2017,11.78,11.47,11.66,11.68,11.37,11.245,11.7875
03/02/2017,12.27,11.7975,11.9075,11.92,11.5825,11.465,11.93
02/02/2017,13.11,12.2325,12.21,12.165,11.7725,11.615,12.02
01/02/2017,12.75,12.11,12.2225,12.1975,11.8075,11.6525,12.12
31/01/2017,13.0725,12.3525,12.4475,12.2425,11.81,11.6675,12.1825
30/01/2017,12.69,12.125,12.445,12.28,11.795,11.68,12.1425
27/01/2017,12.575,12.025,12.21,12.175,11.78,11.6,12.0725
26/01/2017,12.36,11.9375,12.075,12.0875,11.725,11.595,12.0975
25/01/2017,12.505,11.925,12.135,12.115,11.775,11.665,12.155
24/01/2017,12.965,12.305,12.3,12.25,11.865,11.755,12.2525
23/01/2017,13.16,12.47,12.38,12.37,11.88,11.785,12.2775
20/01/2017,13.32,12.245,12.3225,12.33,11.8675,11.835,12.3075
19/01/2017,14.33,12.92,12.67,12.58,12.05,11.92,12.3925
18/01/2017,12.9675,12.785,12.2975,12.275,11.895,11.755,12.21
17/01/2017,13.4675,13.1575,12.52,12.46,11.9875,11.895,12.3375
16/01/2017,12.9775,13.125,12.7625,12.5975,12.11,11.9825,12.415
13/01/2017,12.92,12.81,12.705,12.59,12.13,12.005,12.4125
12/01/2017,13.785,13.3225,12.985,12.81,12.235,12.04,12.4975
11/01/2017,13.735,13.6,13.06,12.91,12.4125,12.1725,12.6825
10/01/2017,12.595,13.1275,12.745,12.64,12.2175,12.0175,12.7075
09/01/2017,12.72,13.04,12.75,12.555,12.005,11.875,12.5925
06/01/2017,12.425,12.625,12.475,12.36,11.865,11.78,12.5075
05/01/2017,13.41,13.175,12.65,12.43,11.94,11.87,12.53
04/01/2017,12.3,12.68,12.425,12.365,11.88,11.9,12.555
03/01/2017,12.7525,13.3775,12.895,12.74,12.18,12.1075,12.6425
02/01/2017,13.42,13.57,13.025,12.795,12.235,12.14,12.7025
30/12/2016,13.105,13.1175,12.865,12.7,12.19,12.115,12.6925
29/12/2016,12.85,13.115,12.995,12.7025,12.215,12.135,12.7225
28/12/2016,11.73,12.285,12.765,12.6675,12.2025,12.19,12.7475
27/12/2016,11.505,11.98,12.6325,12.585,12.1825,12.1725,12.7925
26/12/2016,10.71,11.64,12.5375,12.46,12.1,12.085,12.7525
23/12/2016,10.27,11.2425,12.415,12.46,12.0675,12.0525,12.7075
22/12/2016,9.1275,10.8975,12.2475,12.385,12.045,12.0475,12.7075
21/12/2016,9.5425,11.235,12.43,12.505,12.115,12.115,12.7525
20/12/2016,10.1925,11.555,12.5825,12.6025,12.1975,12.1775,12.7925
19/12/2016,11.8375,12.36,12.8475,12.64,12.1525,12.12,12.7075
16/12/2016,12.12,12.0825,12.7725,12.645,12.1025,12.07,12.6625
15/12/2016,12.7025,12.245,12.905,12.7025,12.1425,12.015,12.5725
14/12/2016,11.7725,11.4575,11.5475,11.8325,11.5325,11.49,12.1
13/12/2016,12.52,11.68,11.615,11.865,11.55,11.535,12.085
12/12/2016,13.505,12.315,12.21,12.28,11.785,11.8,12.2
09/12/2016,13.855,12.205,12.1975,12.3625,11.9125,11.87,12.345
08/12/2016,13.35,11.68,11.85,12.095,11.765,11.805,12.165
07/12/2016,13.69,11.96,11.9275,12.23,11.8875,11.925,12.285
06/12/2016,13.5175,12.02,12.1025,12.3875,12.0025,12.02,12.37
05/12/2016,13.195,12.39,12.305,12.48,12.095,12.1,12.395
02/12/2016,14.7475,12.77,12.5,12.605,12.0825,12.1,12.455
01/12/2016,15.015,13.23,12.755,12.7075,12.2175,12.1825,12.515
30/11/2016,14.145,13.515,12.5975,12.65,12.2125,12.145,12.445
29/11/2016,13.555,13.2,12.3975,12.5175,12.135,12.1,12.455
28/11/2016,13.8,13.275,12.46,12.4775,12.1,12.0575,12.46
25/11/2016,13.6375,12.9875,12.4525,12.64,12.26,12.18,12.5225
24/11/2016,13.89,13.175,12.54,12.665,12.29,12.19,12.485
23/11/2016,13.3375,13.375,12.255,12.405,12.05,11.995,12.26
22/11/2016,12.6,13.01,11.97,12.1375,11.925,11.89,12.26
21/11/2016,13.31,13.535,12.205,12.345,12.065,11.995,12.375
18/11/2016,13.7325,13.6675,12.305,12.4375,12.06,12.0075,12.26
17/11/2016,11.985,12.525,12.025,12.1175,11.92,11.86,12.03
16/11/2016,11.305,12.735,11.76,11.85,11.655,11.6675,12.03
15/11/2016,11.0775,12.5825,11.7525,11.8075,11.66,11.69,12.02
14/11/2016,11.655,11.99,12.115,12.16,11.92,11.935,12.215
11/11/2016,12.02,11.625,11.9,12.005,11.71,11.7425,11.9125
10/11/2016,12.5025,11.955,12.09,11.7925,11.4925,11.345,11.49
09/11/2016,11.76,11.055,11.21,10.935,10.75,10.765,11.13
08/11/2016,13.3075,11.455,10.76,10.635,10.665,10.625,10.915
07/11/2016,13.075,11.53,10.985,10.87,10.83,10.785,11.13
04/11/2016,15.2025,12.4375,11.7525,11.455,11.3275,11.165,11.445
03/11/2016,14.6575,12.2975,11.84,11.4175,11.3675,11.27,11.445
02/11/2016,14.505,12.1775,11.86,11.44,11.365,11.2425,11.46
01/11/2016,12.8975,11.275,11.255,11.045,11.0275,10.9075,11.265
31/10/2016,11.7875,10.43,10.7725,10.81,10.8625,10.825,11.2275
28/10/2016,11.5875,10.1125,10.5,10.8125,10.875,10.835,11.15
27/10/2016,11.5425,10.025,10.5975,10.75,10.8975,10.845,11.1575
26/10/2016,10.4,9.605,10.155,10.475,10.6525,10.6375,11.06
25/10/2016,9.0575,9.4,9.9675,10.2475,10.5325,10.55,10.9925
24/10/2016,8.88,9.3,9.81,10.1875,10.505,10.5275,10.9975
21/10/2016,9.27,9.345,9.9825,10.4325,10.685,10.6825,11.13
20/10/2016,9.1975,9.62,10.325,10.62,10.845,10.8775,11.195
19/10/2016,9.1825,10.395,10.6325,10.7675,10.9725,10.925,11.2625
18/10/2016,9.73,10.675,10.83,10.9725,11.17,11.14,11.435
17/10/2016,9.1625,11.2275,11.1825,11.2325,11.31,11.2575,11.525
14/10/2016,9.21,11.0475,11.16,11.235,11.3,11.23,11.5
13/10/2016,9.75,11.52,11.5775,11.385,11.37,11.28,11.52
12/10/2016,9.025,11.6,11.395,11.2875,11.31,11.2375,11.52
11/10/2016,9.26,11.745,11.2975,11.18,11.1975,11.155,11.475
10/10/2016,8.8175,11.5725,11.145,11.03,11.035,11.0125,11.485
07/10/2016,9.415,11.8225,11.36,11.195,11.1775,11.1475,11.5225
06/10/2016,9.875,12.04,11.3875,11.235,11.165,11.1125,11.495
05/10/2016,9.8875,10.95,11.6625,11.345,11.2875,11.2375,11.6
04/10/2016,10.23,11.305,11.8925,11.5,11.3975,11.3175,11.59
03/10/2016,9.5025,10.8975,11.73,11.39,11.29,11.2125,11.565
30/09/2016,10.2175,10.77,11.99,11.53,11.3975,11.3275,11.6325
29/09/2016,10.28,10.97,12.135,11.6075,11.455,11.355,11.6175
28/09/2016,9.665,9.92,12.045,11.49,11.3425,11.1575,11.4425
27/09/2016,10.04,10.165,12.15,11.5025,11.2925,11.1425,11.375
26/09/2016,10.585,10.345,12.125,11.42,11.155,11.02,11.3675
23/09/2016,10.14,9.75,11.755,11.035,10.795,10.71,11.1325
22/09/2016,10.315,10.1725,11.835,11.125,10.815,10.81,11.075
21/09/2016,10.56,10.28,11.8525,11.1625,10.88,10.865,11.1625
20/09/2016,14.275,12.41,12.5725,11.645,11.2325,11.1625,11.465
19/09/2016,14.2175,12.2975,12.345,11.76,11.2475,11.22,11.5025
16/09/2016,14.39,12.0875,12.3825,11.79,11.3425,11.3,11.5375
15/09/2016,15.1525,12.5075,12.68,11.9025,11.395,11.345,11.54
14/09/2016,16.515,13.895,12.96,12.195,11.775,11.625,11.725
13/09/2016,16.435,13.735,12.74,12.1125,11.6825,11.5925,11.67
12/09/2016,15.875,13.34,12.4925,11.9425,11.515,11.4475,11.62
09/09/2016,15.8975,12.9675,12.535,11.9,11.5375,11.4775,11.65
08/09/2016,14.925,12.2675,12.0675,11.5025,11.255,11.2575,11.4
07/09/2016,14.465,12.885,12.22,11.595,11.325,11.3,11.43
06/09/2016,9.855,13,12.115,11.465,11.21,11.19,11.3925
05/09/2016,9.295,12.8775,11.93,11.3625,11.06,11.065,11.4675
02/09/2016,10.05,13.1375,12.485,11.7375,11.425,11.4625,11.5525
01/09/2016,10.98,13.625,12.725,11.8625,11.52,11.465,11.6225
31/08/2016,10.9,14.2625,12.695,11.875,11.495,11.4975,11.795
30/08/2016,11.14,14.525,13.055,12.32,11.905,11.77,12.1475
29/08/2016,11.225,14.485,12.97,12.3025,11.895,11.775,12.1875
26/08/2016,11.19,13.87,12.765,12.22,11.83,11.71,12.195
25/08/2016,10.6575,13.935,12.93,12.2475,11.87,11.745,12.185
24/08/2016,10.9325,14.71,13.225,12.3525,11.875,11.7,12.0075
23/08/2016,10.945,14.885,13.215,12.29,11.8,11.625,11.7575
22/08/2016,11.2575,14.3625,13.04,12.225,11.7675,11.63,11.785
19/08/2016,11.43,10.795,12.96,12.16,11.61,11.465,11.625
18/08/2016,11.675,11.145,13.07,12.04,11.56,11.46,11.625
17/08/2016,11.0975,10.8975,12.805,12.025,11.565,11.445,11.355
16/08/2016,11.4325,11,12.655,11.8925,11.4825,11.375,11.375
15/08/2016,9.5525,9.845,12.065,11.535,11.2425,11.11,11.205
12/08/2016,9.625,9.74,11.955,11.3525,11.1025,10.9975,11.085
11/08/2016,9.2075,9.48,11.85,11.215,10.98,10.87,10.99
10/08/2016,9.44,9.67,11.845,11.19,10.94,10.825,10.93
09/08/2016,8.8025,9.41,11.625,11.06,10.82,10.72,10.875
08/08/2016,9.0525,9.62,11.315,11.135,10.835,10.755,10.9
05/08/2016,9.595,9.8325,11.56,11.34,10.985,10.87,10.99
04/08/2016,10.9925,10.8975,12.43,11.89,11.32,11.1175,11.12
03/08/2016,11.1575,11.51,12.47,12.02,11.345,11.0875,10.94
02/08/2016,12.475,12.4,12.7575,12.2,11.3925,11.135,10.9125
01/08/2016,11.2525,11.1825,11.665,11.24,10.78,10.6225,10.725
29/07/2016,12.31,11.31,11.5,11.355,10.93,10.7975,10.78
28/07/2016,18.945,14.515,12.575,11.85,11.2975,11.165,11.305
27/07/2016,18.3175,14.065,12.325,11.73,11.225,11.1025,11.3225
26/07/2016,18.28,14.68,12.69,12.045,11.465,11.4025,11.425
25/07/2016,18.6,15.0525,12.865,12.195,11.52,11.415,11.4775
22/07/2016,20.28,15.63,13.32,12.4775,11.735,11.63,11.675
21/07/2016,20.4325,15.855,13.61,12.6525,11.915,11.755,11.74
20/07/2016,19.875,16.2225,13.675,12.84,12.125,11.825,11.815
19/07/2016,18.54,15.49,13.225,12.61,11.92,11.725,11.8075
18/07/2016,18.1575,15.285,13.105,12.52,11.885,11.73,11.7325
15/07/2016,18.85,15.125,13.205,12.59,11.915,11.7,11.705
14/07/2016,13.455,14.73,12.965,12.44,11.815,11.5825,11.6575
13/07/2016,12.5575,14.775,12.7675,12.245,11.67,11.5125,11.555
12/07/2016,13.4225,15.21,13.1225,12.5525,11.93,11.72,11.6975
11/07/2016,12.7425,14.565,12.93,12.4725,11.9,11.7,11.6975
08/07/2016,12.2075,14.085,12.8625,12.5275,11.95,11.7325,11.68
07/07/2016,12.6775,14.17,12.83,12.29,11.755,11.64,11.665
06/07/2016,13.0125,14.915,13.1575,12.535,11.96,11.85,11.735
05/07/2016,12.55,14.4375,12.8775,12.325,11.6625,11.5075,11.4
04/07/2016,10.7075,13.395,12.0975,11.61,11.155,11.145,11.3375
01/07/2016,11.0075,13.3175,12.225,11.785,11.2175,11.195,11.415
30/06/2016,11.645,13.52,12.39,11.9375,11.29,11.2325,11.43
29/06/2016,11.46,11.83,12.3625,11.905,11.29,11.245,11.41
28/06/2016,12.9175,12.375,12.475,11.935,11.3175,11.2975,11.515
27/06/2016,16.485,15.09,14.01,13.05,12.02,11.865,11.885
24/06/2016,17.99,15.2775,13.6675,12.655,11.74,11.73,11.895
23/06/2016,14.175,12.0675,11.73,11.44,11.045,11.075,11.38
22/06/2016,16.19,13.8225,12.5975,12.085,11.48,11.45,11.65
21/06/2016,14.43,12.755,11.74,11.7225,11.2625,11.2825,11.555
20/06/2016,14.3775,12.5775,11.655,11.685,11.24,11.27,11.56
17/06/2016,16.605,13.3875,11.955,11.695,11.2425,11.26,11.4775
16/06/2016,17.6,13.86,12.3725,12,11.495,11.5,11.6925
15/06/2016,17.155,14.125,12.07,11.7,11.175,11.195,11.4625
14/06/2016,17.845,14.6225,12.56,12.09,11.56,11.5475,11.6875
13/06/2016,16.5175,14.1125,12.285,11.8475,11.3125,11.3325,11.5
10/06/2016,15.8475,13.225,11.95,11.65,11.21,11.21,11.315
09/06/2016,13.225,12.25,11.3425,11.185,10.865,10.88,11.19
08/06/2016,12.5975,11.72,10.7875,10.755,10.61,10.695,11.125
07/06/2016,12.525,11.545,10.69,10.665,10.53,10.65,11.1175
06/06/2016,13.325,11.9725,10.915,10.845,10.705,10.77,11.2075
03/06/2016,14.0225,11.955,11.035,10.95,10.83,10.88,11.305
02/06/2016,13.585,11.81,11.0125,10.9075,10.75,10.835,11.2475
01/06/2016,10.22,12.13,10.965,10.8225,10.73,10.815,11.2275
31/05/2016,10.06,11.71,10.5575,10.6025,10.565,10.66,11.165
30/05/2016,9.8775,11.615,10.485,10.5175,10.465,10.5575,11.0325
27/05/2016,9.0325,10.735,10.05,10.2825,10.355,10.465,11
26/05/2016,9.2875,10.975,10.2075,10.38,10.385,10.5025,11.0475
25/05/2016,9.285,11.045,10.375,10.435,10.43,10.5575,11.1125
24/05/2016,9.4675,11.31,10.6925,10.68,10.595,10.7075,11.2125
23/05/2016,9.225,11.205,10.6575,10.6725,10.55,10.685,11.225
20/05/2016,9.29,11.0975,10.7525,10.765,10.6,10.705,11.235
19/05/2016,9.4575,11.715,11.2475,11.04,10.8,10.905,11.3475
18/05/2016,9.4875,11.89,11.2575,11.08,10.825,10.905,11.3425
17/05/2016,9.46,11.8025,11.4,11.175,10.895,10.995,11.3825
16/05/2016,9.445,11.89,11.565,11.28,10.985,11.04,11.47
13/05/2016,10.115,10.065,11.58,11.325,11.02,11.08,11.3925
12/05/2016,9.9,10.02,11.395,11.1,10.85,10.97,11.3525
11/05/2016,9.87,10.225,11.3075,11.1,10.82,10.935,11.3275
10/05/2016,9.835,10.11,11.04,10.85,10.645,10.765,11.2325
09/05/2016,9.51,9.9325,10.865,10.705,10.535,10.7025,11.265
06/05/2016,10.555,10.605,11.59,11.22,10.865,10.98,11.49
05/05/2016,11.97,11.485,12.1075,11.54,11.1475,11.2025,11.5575
04/05/2016,12.395,11.7725,12.05,11.485,11.12,11.16,11.4475
03/05/2016,12.66,11.925,12.17,11.585,11.1575,11.195,11.4325
02/05/2016,12.575,11.7275,12.0175,11.52,11.2525,11.265,11.4975
29/04/2016,12.565,11.48,11.815,11.415,11.1575,11.185,11.4125
28/04/2016,11.03,10.475,11.12,10.935,10.82,10.87,11.2425
27/04/2016,13.93,11.5425,11.495,10.865,10.7825,10.855,11.1925
26/04/2016,14.375,12.1,11.355,10.985,10.935,10.965,11.2425
25/04/2016,14.2,11.9325,11.175,10.815,10.715,10.775,11.1925
22/04/2016,14.11,11.58,11.295,10.865,10.77,10.815,11.21
21/04/2016,12.525,10.78,10.79,10.645,10.615,10.7025,11.12
20/04/2016,12.1475,10.79,10.64,10.4925,10.4925,10.6,11.065
19/04/2016,12.14,10.815,10.695,10.5375,10.525,10.63,11.06
18/04/2016,12.97,11.47,11.18,10.8575,10.69,10.785,11.17
15/04/2016,13.44,11.425,11.275,10.87,10.72,10.77,11.095
14/04/2016,13.035,11.0775,10.975,10.6425,10.5025,10.595,11.035
13/04/2016,9.495,11.195,10.775,10.48,10.39,10.52,11.05
12/04/2016,9.9825,11.29,10.915,10.6,10.425,10.545,11.055
11/04/2016,11.3625,12.24,11.58,11.1125,10.78,10.88,11.21
08/04/2016,11.4575,11.945,11.705,11.085,10.84,10.87,11.215
07/04/2016,13.3625,13.16,12.34,11.675,11.255,11.2425,11.4825
06/04/2016,10.965,11.67,11.29,10.8975,10.67,10.74,11.1425
05/04/2016,11.14,11.6775,11.2625,10.9125,10.6925,10.735,11.1525
04/04/2016,8.57,10.3625,10.0775,9.985,9.9775,10.075,10.6975
01/04/2016,8.4625,9.93,9.93,9.7625,9.7925,9.975,10.605
31/03/2016,8.925,10.05,9.945,9.815,9.8,10.0375,10.58
30/03/2016,9.285,9.0725,10.13,10.035,9.9725,10.205,10.7975
29/03/2016,9.9225,9.645,10.62,10.435,10.39,10.495,10.9375
28/03/2016,10.35,9.835,10.62,10.425,10.3275,10.425,10.855
25/03/2016,9.9375,9.395,10.505,10.37,10.3,10.4175,10.875
24/03/2016,9.755,9.375,10.54,10.385,10.325,10.4125,10.86
23/03/2016,9.385,9.245,10.05,10.0725,10.0725,10.1675,10.565
22/03/2016,8.835,8.825,9.655,9.765,9.8,9.9675,10.535
21/03/2016,8.6175,8.785,9.675,9.6925,9.8075,10.0325,10.615
18/03/2016,9.675,9.385,10.195,10.16,10.165,10.3175,10.7425
17/03/2016,10.425,10.305,10.71,10.52,10.465,10.55,10.8625
16/03/2016,9.315,9.75,10.53,10.475,10.505,10.5875,10.8675
15/03/2016,9.81,9.995,10.23,10.4625,10.4775,10.5475,10.8425
14/03/2016,11.62,10.75,10.28,10.4,10.395,10.5475,10.9275
11/03/2016,13.355,11.3425,10.7625,10.8175,10.77,10.9025,11.12
10/03/2016,14.4,12.1775,11.52,11.3075,11.185,11.2175,11.335
09/03/2016,13.77,12.0525,11.2425,11.2425,11.13,11.135,11.2625
08/03/2016,13.91,12.045,11.225,11.22,11.12,11.115,11.1775
07/03/2016,12.82,11.65,10.765,10.76,10.735,10.7975,11.0625
04/03/2016,13.21,11.13,10.5825,10.6,10.5425,10.66,11.0775
03/03/2016,14.1975,11.755,10.985,10.8125,10.705,10.845,11.3325
02/03/2016,13.4425,12.0075,11.05,10.96,10.7275,10.9225,11.3925
01/03/2016,13.82,12.47,11.405,11.22,10.9625,11.165,11.545
29/02/2016,11.9875,13.5725,12.19,11.795,11.3575,11.4175,11.7
26/02/2016,12.1475,13.16,12.07,11.725,11.275,11.385,11.63
25/02/2016,12.9875,13.61,12.555,11.985,11.555,11.65,11.8475
24/02/2016,13.5425,14.815,12.995,12.435,11.8575,11.87,11.995
23/02/2016,12.865,14.245,12.615,12.09,11.65,11.715,11.9
22/02/2016,12.36,13.7,12.4,11.78,11.425,11.51,11.72
19/02/2016,13.42,14.2125,12.77,12.12,11.54,11.59,11.8
18/02/2016,11.8,13.7825,12.11,11.6225,11.1425,11.215,11.5275
17/02/2016,12.375,14.0625,12.19,11.55,11.055,11.17,11.4225
16/02/2016,13.0925,13.935,12.345,11.635,11.0125,11.0525,11.32
15/02/2016,12.56,13.165,11.83,11.1,10.66,10.825,11.26
12/02/2016,15.3325,13.825,13.07,12.11,11.42,11.475,11.795
11/02/2016,18.84,15.855,14.14,12.87,12.085,12.09,12.11
10/02/2016,14.5125,13.33,12.835,12.225,11.615,11.685,12
09/02/2016,14.4075,13.3075,12.3625,11.885,11.515,11.655,11.9
08/02/2016,13.095,12.48,11.995,11.575,11.4,11.5075,11.87
05/02/2016,10.17,9.815,10.2275,10.2175,10.1475,10.41,11.0475
04/02/2016,11.0925,10.63,10.33,10.1975,10.1,10.33,10.9625
03/02/2016,11.065,10.4275,10.2875,10.065,9.99,10.155,10.8025
02/02/2016,9.3475,9.14,9.595,9.5675,9.59,9.86,10.71
01/02/2016,8.7475,8.615,9.25,9.1875,9.3,9.645,10.545
29/01/2016,10.455,9.4825,9.5775,9.5875,9.62,9.865,10.5275
28/01/2016,11.9425,10.4375,9.92,9.8625,9.86,10.05,10.62
27/01/2016,11.79,10.125,9.625,9.61,9.7075,9.925,10.54
26/01/2016,12.3,10.465,9.845,9.76,9.7725,9.965,10.555
25/01/2016,12.085,10.325,9.61,9.5325,9.605,9.8375,10.4925
22/01/2016,13.64,10.9325,10,9.86,9.83,10.03,10.5375
21/01/2016,13.405,11.24,10.395,10.14,10.055,10.15,10.585
20/01/2016,12.77,11.15,10.24,10.075,10.075,10.115,10.575
19/01/2016,11.1375,10.205,9.76,9.67,9.665,9.76,10.415
18/01/2016,11.28,10.295,9.745,9.6975,9.73,9.855,10.495
15/01/2016,12.465,10.69,10.3375,10.065,9.975,10.03,10.5275
14/01/2016,9.9175,9.61,9.435,9.44,9.495,9.625,10.3575
13/01/2016,8.465,9.435,9.0675,9.1875,9.425,9.57,10.3325
12/01/2016,9.38,10.01,9.465,9.49,9.67,9.8,10.38
11/01/2016,9.9975,10.47,9.765,9.715,9.785,9.8875,10.485
08/01/2016,10.105,10.05,9.6,9.5425,9.6875,9.78,10.3975
07/01/2016,10.3225,10.165,9.665,9.61,9.72,9.87,10.535
06/01/2016,9.18,9.0375,8.905,8.995,9.345,9.58,10.43
05/01/2016,8.635,8.74,8.73,8.885,9.2825,9.5,10.585
04/01/2016,9.0675,8.8225,8.6875,8.88,9.34,9.545,10.61
01/01/2016,6.925,7.395,8.01,8.44,9.0275,9.36,10.5225
31/12/2015,6.9325,7.375,8.025,8.435,9.03,9.3525,10.535
30/12/2015,6.68,7.2475,7.915,8.3925,9.005,9.36,10.5525
29/12/2015,6.875,7.3375,7.925,8.44,9.0325,9.3625,10.5275
28/12/2015,7.2325,7.3,8.215,8.585,9.04,9.3575,10.485
25/12/2015,7.0175,7.16,8.28,8.575,9.055,9.385,10.5375
24/12/2015,6.44,7.09,8.25,8.61,9.035,9.38,10.465
23/12/2015,5.7825,6.785,8.035,8.5025,9.005,9.375,10.63
22/12/2015,5.68,6.765,7.9775,8.4625,8.9875,9.365,10.4925
21/12/2015,5.9,6.85,8.055,8.55,9.015,9.465,10.6375
18/12/2015,6.895,7.2725,8.29,8.6175,9.1775,9.585,10.755
17/12/2015,6.9525,7.0075,8.035,8.5075,9.0925,9.545,10.715
16/12/2015,7.3025,7.34,7.985,8.5475,9.1925,9.61,10.73
15/12/2015,9.71,8.73,8.71,9.02,9.5,9.835,10.8925
14/12/2015,10.7125,9.375,9.12,9.2925,9.6475,9.9625,10.9375
11/12/2015,10.5875,8.915,8.81,9.09,9.5775,9.895,10.895
10/12/2015,9.8275,8.1875,8.3525,8.775,9.3125,9.655,10.835
09/12/2015,9.91,8.1775,8.2875,8.5975,9.27,9.625,10.84
08/12/2015,7.9675,6.85,7.67,8.3675,9.14,9.5175,10.775
07/12/2015,7.59,6.555,7.44,8.2025,9.06,9.51,10.805
04/12/2015,8.57,6.825,7.78,8.405,9.1,9.6075,10.875
03/12/2015,9.385,7.775,8.14,8.73,9.295,9.71,10.97
02/12/2015,7.7625,8.3,8.3175,8.815,9.395,9.7675,10.9675
01/12/2015,7.485,8.3125,8.3925,8.8525,9.4675,9.79,11.0225
30/11/2015,7.32,8.2575,8.335,8.855,9.5125,9.8425,11.045